BIPA	GRAPHEME	URL
	m̥	https://chridd.nfshost.com/diachronica/search?q=m%cc%a5
	m	https://chridd.nfshost.com/diachronica/search?q=m
	mˀ	https://chridd.nfshost.com/diachronica/search?q=m%cb%80
	mː	https://chridd.nfshost.com/diachronica/search?q=m%cb%90
	mˤ	https://chridd.nfshost.com/diachronica/search?q=m%cb%a4
	m̩	https://chridd.nfshost.com/diachronica/search?q=m%cc%a9
	ʼm	https://chridd.nfshost.com/diachronica/search?q=%ca%bcm
	mʲ	https://chridd.nfshost.com/diachronica/search?q=m%ca%b2
	mʷ	https://chridd.nfshost.com/diachronica/search?q=m%ca%b7
	ɱ	https://chridd.nfshost.com/diachronica/search?q=%c9%b1
	n̼	https://chridd.nfshost.com/diachronica/search?q=n%cc%bc
	n̪	https://chridd.nfshost.com/diachronica/search?q=n%cc%aa
	n̥	https://chridd.nfshost.com/diachronica/search?q=n%cc%a5
	n	https://chridd.nfshost.com/diachronica/search?q=n
	nˀ	https://chridd.nfshost.com/diachronica/search?q=n%cb%80
	nː	https://chridd.nfshost.com/diachronica/search?q=n%cb%90
	n̩	https://chridd.nfshost.com/diachronica/search?q=n%cc%a9
	n̩ː	https://chridd.nfshost.com/diachronica/search?q=n%cc%a9%cb%90
	n̲	https://chridd.nfshost.com/diachronica/search?q=n%cc%b2
	n̲ː	https://chridd.nfshost.com/diachronica/search?q=n%cc%b2%cb%90
	ʼn	https://chridd.nfshost.com/diachronica/search?q=%ca%bcn
	nʲ	https://chridd.nfshost.com/diachronica/search?q=n%ca%b2
	ɳ	https://chridd.nfshost.com/diachronica/search?q=%c9%b3
	ɳː	https://chridd.nfshost.com/diachronica/search?q=%c9%b3%cb%90
	ɲ̊	https://chridd.nfshost.com/diachronica/search?q=%c9%b2%cc%8a
	ɲ	https://chridd.nfshost.com/diachronica/search?q=%c9%b2
	ɲː	https://chridd.nfshost.com/diachronica/search?q=%c9%b2%cb%90
	ʼɲ	https://chridd.nfshost.com/diachronica/search?q=%ca%bc%c9%b2
	ŋ̊	https://chridd.nfshost.com/diachronica/search?q=%c5%8b%cc%8a
	ŋ	https://chridd.nfshost.com/diachronica/search?q=%c5%8b
	ŋː	https://chridd.nfshost.com/diachronica/search?q=%c5%8b%cb%90
	ŋ̩	https://chridd.nfshost.com/diachronica/search?q=%c5%8b%cc%a9
	ŋʷ	https://chridd.nfshost.com/diachronica/search?q=%c5%8b%ca%b7
	ɴ	https://chridd.nfshost.com/diachronica/search?q=%c9%b4
	p	https://chridd.nfshost.com/diachronica/search?q=p
	pʰ	https://chridd.nfshost.com/diachronica/search?q=p%ca%b0
	pː	https://chridd.nfshost.com/diachronica/search?q=p%cb%90
	pˑ	https://chridd.nfshost.com/diachronica/search?q=p%cb%91
	pˤ	https://chridd.nfshost.com/diachronica/search?q=p%cb%a4
	pˤː	https://chridd.nfshost.com/diachronica/search?q=p%cb%a4%cb%90
	ʼp	https://chridd.nfshost.com/diachronica/search?q=%ca%bcp
	pʲ	https://chridd.nfshost.com/diachronica/search?q=p%ca%b2
	pʲː	https://chridd.nfshost.com/diachronica/search?q=p%ca%b2%cb%90
	pʷ	https://chridd.nfshost.com/diachronica/search?q=p%ca%b7
	pʷʲ	https://chridd.nfshost.com/diachronica/search?q=p%ca%b7%ca%b2
	t̼	https://chridd.nfshost.com/diachronica/search?q=t%cc%bc
	t̪	https://chridd.nfshost.com/diachronica/search?q=t%cc%aa
	t̪ʰ	https://chridd.nfshost.com/diachronica/search?q=t%cc%aa%ca%b0
	t̪ː	https://chridd.nfshost.com/diachronica/search?q=t%cc%aa%cb%90
	t	https://chridd.nfshost.com/diachronica/search?q=t
	tʰ	https://chridd.nfshost.com/diachronica/search?q=t%ca%b0
	tː	https://chridd.nfshost.com/diachronica/search?q=t%cb%90
	tˑ	https://chridd.nfshost.com/diachronica/search?q=t%cb%91
	tˤ	https://chridd.nfshost.com/diachronica/search?q=t%cb%a4
	t͜s	https://chridd.nfshost.com/diachronica/search?q=t%cd%9cs
	ʼt	https://chridd.nfshost.com/diachronica/search?q=%ca%bct
	tʲ	https://chridd.nfshost.com/diachronica/search?q=t%ca%b2
	tʷ	https://chridd.nfshost.com/diachronica/search?q=t%ca%b7
	tʷː	https://chridd.nfshost.com/diachronica/search?q=t%ca%b7%cb%90
	tʷʲ	https://chridd.nfshost.com/diachronica/search?q=t%ca%b7%ca%b2
	ʈ	https://chridd.nfshost.com/diachronica/search?q=%ca%88
	ʈʰ	https://chridd.nfshost.com/diachronica/search?q=%ca%88%ca%b0
	ʈː	https://chridd.nfshost.com/diachronica/search?q=%ca%88%cb%90
	c	https://chridd.nfshost.com/diachronica/search?q=c
	cʰ	https://chridd.nfshost.com/diachronica/search?q=c%ca%b0
	cʰː	https://chridd.nfshost.com/diachronica/search?q=c%ca%b0%cb%90
	cː	https://chridd.nfshost.com/diachronica/search?q=c%cb%90
	c̚	https://chridd.nfshost.com/diachronica/search?q=c%cc%9a
	cʷ	https://chridd.nfshost.com/diachronica/search?q=c%ca%b7
	cʷː	https://chridd.nfshost.com/diachronica/search?q=c%ca%b7%cb%90
	k	https://chridd.nfshost.com/diachronica/search?q=k
	kʰ	https://chridd.nfshost.com/diachronica/search?q=k%ca%b0
	kː	https://chridd.nfshost.com/diachronica/search?q=k%cb%90
	kˑ	https://chridd.nfshost.com/diachronica/search?q=k%cb%91
	kˤ	https://chridd.nfshost.com/diachronica/search?q=k%cb%a4
	ḱ	https://chridd.nfshost.com/diachronica/search?q=k%cc%81
	ḱː	https://chridd.nfshost.com/diachronica/search?q=k%cc%81%cb%90
	k͜p	https://chridd.nfshost.com/diachronica/search?q=k%cd%9cp
	ʼk	https://chridd.nfshost.com/diachronica/search?q=%ca%bck
	ᵑk	https://chridd.nfshost.com/diachronica/search?q=%e1%b5%91k
	kʲ	https://chridd.nfshost.com/diachronica/search?q=k%ca%b2
	kʲː	https://chridd.nfshost.com/diachronica/search?q=k%ca%b2%cb%90
	kʰʷ	https://chridd.nfshost.com/diachronica/search?q=k%ca%b0%ca%b7
	kʷ	https://chridd.nfshost.com/diachronica/search?q=k%ca%b7
	kʷʰ	https://chridd.nfshost.com/diachronica/search?q=k%ca%b7%ca%b0
	kʷː	https://chridd.nfshost.com/diachronica/search?q=k%ca%b7%cb%90
	kʲʷː	https://chridd.nfshost.com/diachronica/search?q=k%ca%b2%ca%b7%cb%90
	q	https://chridd.nfshost.com/diachronica/search?q=q
	qʰ	https://chridd.nfshost.com/diachronica/search?q=q%ca%b0
	qː	https://chridd.nfshost.com/diachronica/search?q=q%cb%90
	qˤ	https://chridd.nfshost.com/diachronica/search?q=q%cb%a4
	qˤː	https://chridd.nfshost.com/diachronica/search?q=q%cb%a4%cb%90
	q͜	https://chridd.nfshost.com/diachronica/search?q=q%cd%9c
	q͡	https://chridd.nfshost.com/diachronica/search?q=q%cd%a1
	q͡χ	https://chridd.nfshost.com/diachronica/search?q=q%cd%a1%cf%87
	qʲ	https://chridd.nfshost.com/diachronica/search?q=q%ca%b2
	qʲː	https://chridd.nfshost.com/diachronica/search?q=q%ca%b2%cb%90
	qˤʲ	https://chridd.nfshost.com/diachronica/search?q=q%cb%a4%ca%b2
	qˤʲː	https://chridd.nfshost.com/diachronica/search?q=q%cb%a4%ca%b2%cb%90
	qʷ	https://chridd.nfshost.com/diachronica/search?q=q%ca%b7
	qʷː	https://chridd.nfshost.com/diachronica/search?q=q%ca%b7%cb%90
	qˤʷ	https://chridd.nfshost.com/diachronica/search?q=q%cb%a4%ca%b7
	qˤʷː	https://chridd.nfshost.com/diachronica/search?q=q%cb%a4%ca%b7%cb%90
	qʲʷ	https://chridd.nfshost.com/diachronica/search?q=q%ca%b2%ca%b7
	qʲʷː	https://chridd.nfshost.com/diachronica/search?q=q%ca%b2%ca%b7%cb%90
	qʷʲ	https://chridd.nfshost.com/diachronica/search?q=q%ca%b7%ca%b2
	qˤʲʷ	https://chridd.nfshost.com/diachronica/search?q=q%cb%a4%ca%b2%ca%b7
	qˤʲʷː	https://chridd.nfshost.com/diachronica/search?q=q%cb%a4%ca%b2%ca%b7%cb%90
	qˤʷʲ	https://chridd.nfshost.com/diachronica/search?q=q%cb%a4%ca%b7%ca%b2
	ʔ	https://chridd.nfshost.com/diachronica/search?q=%ca%94
	ʔː	https://chridd.nfshost.com/diachronica/search?q=%ca%94%cb%90
	ʔˤ	https://chridd.nfshost.com/diachronica/search?q=%ca%94%cb%a4
	ʔ̊	https://chridd.nfshost.com/diachronica/search?q=%ca%94%cc%8a
	ʔʷ	https://chridd.nfshost.com/diachronica/search?q=%ca%94%ca%b7
	pʼ	https://chridd.nfshost.com/diachronica/search?q=p%ca%bc
	pˤʼ	https://chridd.nfshost.com/diachronica/search?q=p%cb%a4%ca%bc
	bʼ	https://chridd.nfshost.com/diachronica/search?q=b%ca%bc
	pʲʼ	https://chridd.nfshost.com/diachronica/search?q=p%ca%b2%ca%bc
	pʷʼ	https://chridd.nfshost.com/diachronica/search?q=p%ca%b7%ca%bc
	pʷʲʼ	https://chridd.nfshost.com/diachronica/search?q=p%ca%b7%ca%b2%ca%bc
	tʼ	https://chridd.nfshost.com/diachronica/search?q=t%ca%bc
	dʼ	https://chridd.nfshost.com/diachronica/search?q=d%ca%bc
	tʲʼ	https://chridd.nfshost.com/diachronica/search?q=t%ca%b2%ca%bc
	tʷʼ	https://chridd.nfshost.com/diachronica/search?q=t%ca%b7%ca%bc
	tʷʲʼ	https://chridd.nfshost.com/diachronica/search?q=t%ca%b7%ca%b2%ca%bc
	ʈʼ	https://chridd.nfshost.com/diachronica/search?q=%ca%88%ca%bc
	kʼ	https://chridd.nfshost.com/diachronica/search?q=k%ca%bc
	kːʼ	https://chridd.nfshost.com/diachronica/search?q=k%cb%90%ca%bc
	ɡʼ	https://chridd.nfshost.com/diachronica/search?q=%c9%a1%ca%bc
	kʲʼ	https://chridd.nfshost.com/diachronica/search?q=k%ca%b2%ca%bc
	kʷʼ	https://chridd.nfshost.com/diachronica/search?q=k%ca%b7%ca%bc
	kʷʲʼ	https://chridd.nfshost.com/diachronica/search?q=k%ca%b7%ca%b2%ca%bc
	qʼ	https://chridd.nfshost.com/diachronica/search?q=q%ca%bc
	qʼː	https://chridd.nfshost.com/diachronica/search?q=q%ca%bc%cb%90
	qːʼ	https://chridd.nfshost.com/diachronica/search?q=q%cb%90%ca%bc
	qˤʼ	https://chridd.nfshost.com/diachronica/search?q=q%cb%a4%ca%bc
	qʲʼ	https://chridd.nfshost.com/diachronica/search?q=q%ca%b2%ca%bc
	qʲːʼ	https://chridd.nfshost.com/diachronica/search?q=q%ca%b2%cb%90%ca%bc
	qˤʲʼ	https://chridd.nfshost.com/diachronica/search?q=q%cb%a4%ca%b2%ca%bc
	qʷʼ	https://chridd.nfshost.com/diachronica/search?q=q%ca%b7%ca%bc
	qʼʷ	https://chridd.nfshost.com/diachronica/search?q=q%ca%bc%ca%b7
	qˤʷʼ	https://chridd.nfshost.com/diachronica/search?q=q%cb%a4%ca%b7%ca%bc
	qʲʷʼ	https://chridd.nfshost.com/diachronica/search?q=q%ca%b2%ca%b7%ca%bc
	qʷʲʼ	https://chridd.nfshost.com/diachronica/search?q=q%ca%b7%ca%b2%ca%bc
	qˤʷʲʼ	https://chridd.nfshost.com/diachronica/search?q=q%cb%a4%ca%b7%ca%b2%ca%bc
	b	https://chridd.nfshost.com/diachronica/search?q=b
	bʰ	https://chridd.nfshost.com/diachronica/search?q=b%ca%b0
	bʱ	https://chridd.nfshost.com/diachronica/search?q=b%ca%b1
	bː	https://chridd.nfshost.com/diachronica/search?q=b%cb%90
	bˤ	https://chridd.nfshost.com/diachronica/search?q=b%cb%a4
	b̚	https://chridd.nfshost.com/diachronica/search?q=b%cc%9a
	ᵐb	https://chridd.nfshost.com/diachronica/search?q=%e1%b5%90b
	bʲ	https://chridd.nfshost.com/diachronica/search?q=b%ca%b2
	bʷ	https://chridd.nfshost.com/diachronica/search?q=b%ca%b7
	bʷʲ	https://chridd.nfshost.com/diachronica/search?q=b%ca%b7%ca%b2
	d̪	https://chridd.nfshost.com/diachronica/search?q=d%cc%aa
	d	https://chridd.nfshost.com/diachronica/search?q=d
	dʰ	https://chridd.nfshost.com/diachronica/search?q=d%ca%b0
	dʱ	https://chridd.nfshost.com/diachronica/search?q=d%ca%b1
	dʱː	https://chridd.nfshost.com/diachronica/search?q=d%ca%b1%cb%90
	dː	https://chridd.nfshost.com/diachronica/search?q=d%cb%90
	dˤ	https://chridd.nfshost.com/diachronica/search?q=d%cb%a4
	d͜z	https://chridd.nfshost.com/diachronica/search?q=d%cd%9cz
	ʼd	https://chridd.nfshost.com/diachronica/search?q=%ca%bcd
	ⁿd	https://chridd.nfshost.com/diachronica/search?q=%e2%81%bfd
	dʲ	https://chridd.nfshost.com/diachronica/search?q=d%ca%b2
	dʷ	https://chridd.nfshost.com/diachronica/search?q=d%ca%b7
	ɖ	https://chridd.nfshost.com/diachronica/search?q=%c9%96
	ɖʱ	https://chridd.nfshost.com/diachronica/search?q=%c9%96%ca%b1
	ɖː	https://chridd.nfshost.com/diachronica/search?q=%c9%96%cb%90
	ɟ	https://chridd.nfshost.com/diachronica/search?q=%c9%9f
	ɟʱ	https://chridd.nfshost.com/diachronica/search?q=%c9%9f%ca%b1
	ɟː	https://chridd.nfshost.com/diachronica/search?q=%c9%9f%cb%90
	ʼɟ	https://chridd.nfshost.com/diachronica/search?q=%ca%bc%c9%9f
	ɡ	https://chridd.nfshost.com/diachronica/search?q=%c9%a1
	ɡʰ	https://chridd.nfshost.com/diachronica/search?q=%c9%a1%ca%b0
	ɡʱ	https://chridd.nfshost.com/diachronica/search?q=%c9%a1%ca%b1
	ɡː	https://chridd.nfshost.com/diachronica/search?q=%c9%a1%cb%90
	ɡ́	https://chridd.nfshost.com/diachronica/search?q=%c9%a1%cc%81
	ɡ́ʰ	https://chridd.nfshost.com/diachronica/search?q=%c9%a1%cc%81%ca%b0
	ɡ́ʱ	https://chridd.nfshost.com/diachronica/search?q=%c9%a1%cc%81%ca%b1
	ɡ̌	https://chridd.nfshost.com/diachronica/search?q=%c9%a1%cc%8c
	ɡ̚	https://chridd.nfshost.com/diachronica/search?q=%c9%a1%cc%9a
	ᵑɡ	https://chridd.nfshost.com/diachronica/search?q=%e1%b5%91%c9%a1
	ɡʲ	https://chridd.nfshost.com/diachronica/search?q=%c9%a1%ca%b2
	ɡʷ	https://chridd.nfshost.com/diachronica/search?q=%c9%a1%ca%b7
	ɡʷʰ	https://chridd.nfshost.com/diachronica/search?q=%c9%a1%ca%b7%ca%b0
	ɡʷʱ	https://chridd.nfshost.com/diachronica/search?q=%c9%a1%ca%b7%ca%b1
	ɡʲʷ	https://chridd.nfshost.com/diachronica/search?q=%c9%a1%ca%b2%ca%b7
	ɢ	https://chridd.nfshost.com/diachronica/search?q=%c9%a2
	ɢ͜	https://chridd.nfshost.com/diachronica/search?q=%c9%a2%cd%9c
	ɢ͡	https://chridd.nfshost.com/diachronica/search?q=%c9%a2%cd%a1
	ɢʲ	https://chridd.nfshost.com/diachronica/search?q=%c9%a2%ca%b2
	ɢʷ	https://chridd.nfshost.com/diachronica/search?q=%c9%a2%ca%b7
	ɢʷʰ	https://chridd.nfshost.com/diachronica/search?q=%c9%a2%ca%b7%ca%b0
	ɢʲʷ	https://chridd.nfshost.com/diachronica/search?q=%c9%a2%ca%b2%ca%b7
	ɓ	https://chridd.nfshost.com/diachronica/search?q=%c9%93
	ɗ	https://chridd.nfshost.com/diachronica/search?q=%c9%97
	ʄ	https://chridd.nfshost.com/diachronica/search?q=%ca%84
	ɠ̥	https://chridd.nfshost.com/diachronica/search?q=%c9%a0%cc%a5
	ɠʷ	https://chridd.nfshost.com/diachronica/search?q=%c9%a0%ca%b7
	ɸ	https://chridd.nfshost.com/diachronica/search?q=%c9%b8
	ɸʰ	https://chridd.nfshost.com/diachronica/search?q=%c9%b8%ca%b0
	f	https://chridd.nfshost.com/diachronica/search?q=f
	fː	https://chridd.nfshost.com/diachronica/search?q=f%cb%90
	f̩	https://chridd.nfshost.com/diachronica/search?q=f%cc%a9
	fʲ	https://chridd.nfshost.com/diachronica/search?q=f%ca%b2
	s̪	https://chridd.nfshost.com/diachronica/search?q=s%cc%aa
	θ	https://chridd.nfshost.com/diachronica/search?q=%ce%b8
	θː	https://chridd.nfshost.com/diachronica/search?q=%ce%b8%cb%90
	θˑ	https://chridd.nfshost.com/diachronica/search?q=%ce%b8%cb%91
	θˤ	https://chridd.nfshost.com/diachronica/search?q=%ce%b8%cb%a4
	s	https://chridd.nfshost.com/diachronica/search?q=s
	sʰ	https://chridd.nfshost.com/diachronica/search?q=s%ca%b0
	sː	https://chridd.nfshost.com/diachronica/search?q=s%cb%90
	sːː	https://chridd.nfshost.com/diachronica/search?q=s%cb%90%cb%90
	sˑ	https://chridd.nfshost.com/diachronica/search?q=s%cb%91
	sˤ	https://chridd.nfshost.com/diachronica/search?q=s%cb%a4
	ś	https://chridd.nfshost.com/diachronica/search?q=s%cc%81
	š	https://chridd.nfshost.com/diachronica/search?q=s%cc%8c
	s̩	https://chridd.nfshost.com/diachronica/search?q=s%cc%a9
	s̺	https://chridd.nfshost.com/diachronica/search?q=s%cc%ba
	s̻	https://chridd.nfshost.com/diachronica/search?q=s%cc%bb
	sʲ	https://chridd.nfshost.com/diachronica/search?q=s%ca%b2
	sʲː	https://chridd.nfshost.com/diachronica/search?q=s%ca%b2%cb%90
	sʷ	https://chridd.nfshost.com/diachronica/search?q=s%ca%b7
	sʷː	https://chridd.nfshost.com/diachronica/search?q=s%ca%b7%cb%90
	sʲʷ	https://chridd.nfshost.com/diachronica/search?q=s%ca%b2%ca%b7
	sʲʷː	https://chridd.nfshost.com/diachronica/search?q=s%ca%b2%ca%b7%cb%90
	sʷʲ	https://chridd.nfshost.com/diachronica/search?q=s%ca%b7%ca%b2
	ʃ	https://chridd.nfshost.com/diachronica/search?q=%ca%83
	ʃʰ	https://chridd.nfshost.com/diachronica/search?q=%ca%83%ca%b0
	ʃː	https://chridd.nfshost.com/diachronica/search?q=%ca%83%cb%90
	ʃˤ	https://chridd.nfshost.com/diachronica/search?q=%ca%83%cb%a4
	ʃ̺	https://chridd.nfshost.com/diachronica/search?q=%ca%83%cc%ba
	ʃʲ	https://chridd.nfshost.com/diachronica/search?q=%ca%83%ca%b2
	ʃʷ	https://chridd.nfshost.com/diachronica/search?q=%ca%83%ca%b7
	ʃʷʰ	https://chridd.nfshost.com/diachronica/search?q=%ca%83%ca%b7%ca%b0
	ʃʷː	https://chridd.nfshost.com/diachronica/search?q=%ca%83%ca%b7%cb%90
	ʂ	https://chridd.nfshost.com/diachronica/search?q=%ca%82
	ʂʰ	https://chridd.nfshost.com/diachronica/search?q=%ca%82%ca%b0
	ʂː	https://chridd.nfshost.com/diachronica/search?q=%ca%82%cb%90
	ʂʷ	https://chridd.nfshost.com/diachronica/search?q=%ca%82%ca%b7
	ɕ	https://chridd.nfshost.com/diachronica/search?q=%c9%95
	ɕʰ	https://chridd.nfshost.com/diachronica/search?q=%c9%95%ca%b0
	ɕː	https://chridd.nfshost.com/diachronica/search?q=%c9%95%cb%90
	ɕ͡	https://chridd.nfshost.com/diachronica/search?q=%c9%95%cd%a1
	ɕ͡ʰ	https://chridd.nfshost.com/diachronica/search?q=%c9%95%cd%a1%ca%b0
	ɕʷ	https://chridd.nfshost.com/diachronica/search?q=%c9%95%ca%b7
	ɕʷː	https://chridd.nfshost.com/diachronica/search?q=%c9%95%ca%b7%cb%90
	ç	https://chridd.nfshost.com/diachronica/search?q=%c3%a7
	x	https://chridd.nfshost.com/diachronica/search?q=x
	xː	https://chridd.nfshost.com/diachronica/search?q=x%cb%90
	xʲ	https://chridd.nfshost.com/diachronica/search?q=x%ca%b2
	xʲː	https://chridd.nfshost.com/diachronica/search?q=x%ca%b2%cb%90
	xʷ	https://chridd.nfshost.com/diachronica/search?q=x%ca%b7
	xʲʷ	https://chridd.nfshost.com/diachronica/search?q=x%ca%b2%ca%b7
	xʷʲ	https://chridd.nfshost.com/diachronica/search?q=x%ca%b7%ca%b2
	χ	https://chridd.nfshost.com/diachronica/search?q=%cf%87
	χˤ	https://chridd.nfshost.com/diachronica/search?q=%cf%87%cb%a4
	χʲ	https://chridd.nfshost.com/diachronica/search?q=%cf%87%ca%b2
	χˤʲ	https://chridd.nfshost.com/diachronica/search?q=%cf%87%cb%a4%ca%b2
	χʷ	https://chridd.nfshost.com/diachronica/search?q=%cf%87%ca%b7
	χˤʷ	https://chridd.nfshost.com/diachronica/search?q=%cf%87%cb%a4%ca%b7
	χʲʷ	https://chridd.nfshost.com/diachronica/search?q=%cf%87%ca%b2%ca%b7
	χʷʲ	https://chridd.nfshost.com/diachronica/search?q=%cf%87%ca%b7%ca%b2
	ħ	https://chridd.nfshost.com/diachronica/search?q=%c4%a7
	ħʷ	https://chridd.nfshost.com/diachronica/search?q=%c4%a7%ca%b7
	h	https://chridd.nfshost.com/diachronica/search?q=h
	hː	https://chridd.nfshost.com/diachronica/search?q=h%cb%90
	h̃	https://chridd.nfshost.com/diachronica/search?q=h%cc%83
	hʷ	https://chridd.nfshost.com/diachronica/search?q=h%ca%b7
	h̃ʷ	https://chridd.nfshost.com/diachronica/search?q=h%cc%83%ca%b7
	ɸʼ	https://chridd.nfshost.com/diachronica/search?q=%c9%b8%ca%bc
	fʼ	https://chridd.nfshost.com/diachronica/search?q=f%ca%bc
	θʼ	https://chridd.nfshost.com/diachronica/search?q=%ce%b8%ca%bc
	sʼ	https://chridd.nfshost.com/diachronica/search?q=s%ca%bc
	sːʼ	https://chridd.nfshost.com/diachronica/search?q=s%cb%90%ca%bc
	sʲʼ	https://chridd.nfshost.com/diachronica/search?q=s%ca%b2%ca%bc
	sʷʼ	https://chridd.nfshost.com/diachronica/search?q=s%ca%b7%ca%bc
	sʼʷ	https://chridd.nfshost.com/diachronica/search?q=s%ca%bc%ca%b7
	sʷʲʼ	https://chridd.nfshost.com/diachronica/search?q=s%ca%b7%ca%b2%ca%bc
	ʃʼ	https://chridd.nfshost.com/diachronica/search?q=%ca%83%ca%bc
	ʃʼʼ	https://chridd.nfshost.com/diachronica/search?q=%ca%83%ca%bc%ca%bc
	ʃːʼ	https://chridd.nfshost.com/diachronica/search?q=%ca%83%cb%90%ca%bc
	ʃʲʼ	https://chridd.nfshost.com/diachronica/search?q=%ca%83%ca%b2%ca%bc
	ʃʷʼ	https://chridd.nfshost.com/diachronica/search?q=%ca%83%ca%b7%ca%bc
	ʂʼ	https://chridd.nfshost.com/diachronica/search?q=%ca%82%ca%bc
	ɕʼ	https://chridd.nfshost.com/diachronica/search?q=%c9%95%ca%bc
	ɕʷʼ	https://chridd.nfshost.com/diachronica/search?q=%c9%95%ca%b7%ca%bc
	çʼ	https://chridd.nfshost.com/diachronica/search?q=%c3%a7%ca%bc
	xʼ	https://chridd.nfshost.com/diachronica/search?q=x%ca%bc
	xʷʼ	https://chridd.nfshost.com/diachronica/search?q=x%ca%b7%ca%bc
	χʼ	https://chridd.nfshost.com/diachronica/search?q=%cf%87%ca%bc
	χʷʼ	https://chridd.nfshost.com/diachronica/search?q=%cf%87%ca%b7%ca%bc
	β	https://chridd.nfshost.com/diachronica/search?q=%ce%b2
	βʷ	https://chridd.nfshost.com/diachronica/search?q=%ce%b2%ca%b7
	v	https://chridd.nfshost.com/diachronica/search?q=v
	vː	https://chridd.nfshost.com/diachronica/search?q=v%cb%90
	vˤ	https://chridd.nfshost.com/diachronica/search?q=v%cb%a4
	v̩	https://chridd.nfshost.com/diachronica/search?q=v%cc%a9
	vʷ	https://chridd.nfshost.com/diachronica/search?q=v%ca%b7
	z̪	https://chridd.nfshost.com/diachronica/search?q=z%cc%aa
	ð	https://chridd.nfshost.com/diachronica/search?q=%c3%b0
	ðː	https://chridd.nfshost.com/diachronica/search?q=%c3%b0%cb%90
	ðˤ	https://chridd.nfshost.com/diachronica/search?q=%c3%b0%cb%a4
	ðʲ	https://chridd.nfshost.com/diachronica/search?q=%c3%b0%ca%b2
	z	https://chridd.nfshost.com/diachronica/search?q=z
	zʱ	https://chridd.nfshost.com/diachronica/search?q=z%ca%b1
	zː	https://chridd.nfshost.com/diachronica/search?q=z%cb%90
	zˤ	https://chridd.nfshost.com/diachronica/search?q=z%cb%a4
	zʲ	https://chridd.nfshost.com/diachronica/search?q=z%ca%b2
	zʷ	https://chridd.nfshost.com/diachronica/search?q=z%ca%b7
	zʲʷ	https://chridd.nfshost.com/diachronica/search?q=z%ca%b2%ca%b7
	zʷʲ	https://chridd.nfshost.com/diachronica/search?q=z%ca%b7%ca%b2
	ʒ	https://chridd.nfshost.com/diachronica/search?q=%ca%92
	ʒʱ	https://chridd.nfshost.com/diachronica/search?q=%ca%92%ca%b1
	ʒː	https://chridd.nfshost.com/diachronica/search?q=%ca%92%cb%90
	ʒʲ	https://chridd.nfshost.com/diachronica/search?q=%ca%92%ca%b2
	ʒʷ	https://chridd.nfshost.com/diachronica/search?q=%ca%92%ca%b7
	ʐ	https://chridd.nfshost.com/diachronica/search?q=%ca%90
	ʐʱ	https://chridd.nfshost.com/diachronica/search?q=%ca%90%ca%b1
	ʑ	https://chridd.nfshost.com/diachronica/search?q=%ca%91
	ʑʱ	https://chridd.nfshost.com/diachronica/search?q=%ca%91%ca%b1
	ʑʷ	https://chridd.nfshost.com/diachronica/search?q=%ca%91%ca%b7
	ʝ	https://chridd.nfshost.com/diachronica/search?q=%ca%9d
	ʝː	https://chridd.nfshost.com/diachronica/search?q=%ca%9d%cb%90
	ʝ͡	https://chridd.nfshost.com/diachronica/search?q=%ca%9d%cd%a1
	ɣ	https://chridd.nfshost.com/diachronica/search?q=%c9%a3
	ɣː	https://chridd.nfshost.com/diachronica/search?q=%c9%a3%cb%90
	ɣʲ	https://chridd.nfshost.com/diachronica/search?q=%c9%a3%ca%b2
	ɣʷ	https://chridd.nfshost.com/diachronica/search?q=%c9%a3%ca%b7
	ɣʲʷ	https://chridd.nfshost.com/diachronica/search?q=%c9%a3%ca%b2%ca%b7
	ɣʷʲ	https://chridd.nfshost.com/diachronica/search?q=%c9%a3%ca%b7%ca%b2
	ʁ	https://chridd.nfshost.com/diachronica/search?q=%ca%81
	ʁː	https://chridd.nfshost.com/diachronica/search?q=%ca%81%cb%90
	ʁˤ	https://chridd.nfshost.com/diachronica/search?q=%ca%81%cb%a4
	ʁʲ	https://chridd.nfshost.com/diachronica/search?q=%ca%81%ca%b2
	ʁˤʲ	https://chridd.nfshost.com/diachronica/search?q=%ca%81%cb%a4%ca%b2
	ʁʷ	https://chridd.nfshost.com/diachronica/search?q=%ca%81%ca%b7
	ʁˤʷ	https://chridd.nfshost.com/diachronica/search?q=%ca%81%cb%a4%ca%b7
	ʁʲʷ	https://chridd.nfshost.com/diachronica/search?q=%ca%81%ca%b2%ca%b7
	ʁʷʲ	https://chridd.nfshost.com/diachronica/search?q=%ca%81%ca%b7%ca%b2
	ʁˤʲʷ	https://chridd.nfshost.com/diachronica/search?q=%ca%81%cb%a4%ca%b2%ca%b7
	ʁˤʷʲ	https://chridd.nfshost.com/diachronica/search?q=%ca%81%cb%a4%ca%b7%ca%b2
	ʕ	https://chridd.nfshost.com/diachronica/search?q=%ca%95
	ʕ̞	https://chridd.nfshost.com/diachronica/search?q=%ca%95%cc%9e
	ʕʷ	https://chridd.nfshost.com/diachronica/search?q=%ca%95%ca%b7
	ɦ	https://chridd.nfshost.com/diachronica/search?q=%c9%a6
	ʋ	https://chridd.nfshost.com/diachronica/search?q=%ca%8b
	ʋ̃	https://chridd.nfshost.com/diachronica/search?q=%ca%8b%cc%83
	ɹ	https://chridd.nfshost.com/diachronica/search?q=%c9%b9
	ɻ	https://chridd.nfshost.com/diachronica/search?q=%c9%bb
	j̊	https://chridd.nfshost.com/diachronica/search?q=j%cc%8a
	j	https://chridd.nfshost.com/diachronica/search?q=j
	jʰ	https://chridd.nfshost.com/diachronica/search?q=j%ca%b0
	jˀ	https://chridd.nfshost.com/diachronica/search?q=j%cb%80
	jː	https://chridd.nfshost.com/diachronica/search?q=j%cb%90
	j̃	https://chridd.nfshost.com/diachronica/search?q=j%cc%83
	ɥ	https://chridd.nfshost.com/diachronica/search?q=%c9%a5
	ɥ̃	https://chridd.nfshost.com/diachronica/search?q=%c9%a5%cc%83
	ɰ	https://chridd.nfshost.com/diachronica/search?q=%c9%b0
	ɰ̃	https://chridd.nfshost.com/diachronica/search?q=%c9%b0%cc%83
	w̥	https://chridd.nfshost.com/diachronica/search?q=w%cc%a5
	ʍ	https://chridd.nfshost.com/diachronica/search?q=%ca%8d
	w	https://chridd.nfshost.com/diachronica/search?q=w
	wʰ	https://chridd.nfshost.com/diachronica/search?q=w%ca%b0
	wˀ	https://chridd.nfshost.com/diachronica/search?q=w%cb%80
	wː	https://chridd.nfshost.com/diachronica/search?q=w%cb%90
	w̃	https://chridd.nfshost.com/diachronica/search?q=w%cc%83
	wʲ	https://chridd.nfshost.com/diachronica/search?q=w%ca%b2
	ɾ̥	https://chridd.nfshost.com/diachronica/search?q=%c9%be%cc%a5
	ɾ	https://chridd.nfshost.com/diachronica/search?q=%c9%be
	ɽ	https://chridd.nfshost.com/diachronica/search?q=%c9%bd
	ʙ	https://chridd.nfshost.com/diachronica/search?q=%ca%99
	r̝̊	https://chridd.nfshost.com/diachronica/search?q=r%cc%9d%cc%8a
	r̥	https://chridd.nfshost.com/diachronica/search?q=r%cc%a5
	r	https://chridd.nfshost.com/diachronica/search?q=r
	rʰ	https://chridd.nfshost.com/diachronica/search?q=r%ca%b0
	rː	https://chridd.nfshost.com/diachronica/search?q=r%cb%90
	r̀	https://chridd.nfshost.com/diachronica/search?q=r%cc%80
	ŕ	https://chridd.nfshost.com/diachronica/search?q=r%cc%81
	r̝	https://chridd.nfshost.com/diachronica/search?q=r%cc%9d
	r̩	https://chridd.nfshost.com/diachronica/search?q=r%cc%a9
	r̩ː	https://chridd.nfshost.com/diachronica/search?q=r%cc%a9%cb%90
	r̲	https://chridd.nfshost.com/diachronica/search?q=r%cc%b2
	rʲ	https://chridd.nfshost.com/diachronica/search?q=r%ca%b2
	rːʲ	https://chridd.nfshost.com/diachronica/search?q=r%cb%90%ca%b2
	ʀ	https://chridd.nfshost.com/diachronica/search?q=%ca%80
	ɬ	https://chridd.nfshost.com/diachronica/search?q=%c9%ac
	ɬʰ	https://chridd.nfshost.com/diachronica/search?q=%c9%ac%ca%b0
	ɬʼ	https://chridd.nfshost.com/diachronica/search?q=%c9%ac%ca%bc
	ɬː	https://chridd.nfshost.com/diachronica/search?q=%c9%ac%cb%90
	ɬːʼ	https://chridd.nfshost.com/diachronica/search?q=%c9%ac%cb%90%ca%bc
	ɬˤ	https://chridd.nfshost.com/diachronica/search?q=%c9%ac%cb%a4
	ɮ	https://chridd.nfshost.com/diachronica/search?q=%c9%ae
	ɬʲ	https://chridd.nfshost.com/diachronica/search?q=%c9%ac%ca%b2
	ɬʲʼ	https://chridd.nfshost.com/diachronica/search?q=%c9%ac%ca%b2%ca%bc
	ɬʲʼː	https://chridd.nfshost.com/diachronica/search?q=%c9%ac%ca%b2%ca%bc%cb%90
	ɮʲ	https://chridd.nfshost.com/diachronica/search?q=%c9%ae%ca%b2
	ɬʷ	https://chridd.nfshost.com/diachronica/search?q=%c9%ac%ca%b7
	ɬʷʼ	https://chridd.nfshost.com/diachronica/search?q=%c9%ac%ca%b7%ca%bc
	ɬʷː	https://chridd.nfshost.com/diachronica/search?q=%c9%ac%ca%b7%cb%90
	ɮʷ	https://chridd.nfshost.com/diachronica/search?q=%c9%ae%ca%b7
	ɬʲʷ	https://chridd.nfshost.com/diachronica/search?q=%c9%ac%ca%b2%ca%b7
	ɬʲʷː	https://chridd.nfshost.com/diachronica/search?q=%c9%ac%ca%b2%ca%b7%cb%90
	ɬʷʲ	https://chridd.nfshost.com/diachronica/search?q=%c9%ac%ca%b7%ca%b2
	ɬʷʲʼ	https://chridd.nfshost.com/diachronica/search?q=%c9%ac%ca%b7%ca%b2%ca%bc
	ɬʷʲː	https://chridd.nfshost.com/diachronica/search?q=%c9%ac%ca%b7%ca%b2%cb%90
	ɮʲʷ	https://chridd.nfshost.com/diachronica/search?q=%c9%ae%ca%b2%ca%b7
	ɮʷʲ	https://chridd.nfshost.com/diachronica/search?q=%c9%ae%ca%b7%ca%b2
	l̥	https://chridd.nfshost.com/diachronica/search?q=l%cc%a5
	l	https://chridd.nfshost.com/diachronica/search?q=l
	lʰ	https://chridd.nfshost.com/diachronica/search?q=l%ca%b0
	lʼ	https://chridd.nfshost.com/diachronica/search?q=l%ca%bc
	lː	https://chridd.nfshost.com/diachronica/search?q=l%cb%90
	l̃	https://chridd.nfshost.com/diachronica/search?q=l%cc%83
	l̩	https://chridd.nfshost.com/diachronica/search?q=l%cc%a9
	l̩ː	https://chridd.nfshost.com/diachronica/search?q=l%cc%a9%cb%90
	ɫ	https://chridd.nfshost.com/diachronica/search?q=%c9%ab
	lʲ	https://chridd.nfshost.com/diachronica/search?q=l%ca%b2
	lːʲ	https://chridd.nfshost.com/diachronica/search?q=l%cb%90%ca%b2
	ɭ	https://chridd.nfshost.com/diachronica/search?q=%c9%ad
	ɭʱ	https://chridd.nfshost.com/diachronica/search?q=%c9%ad%ca%b1
	ɭː	https://chridd.nfshost.com/diachronica/search?q=%c9%ad%cb%90
	ʎ	https://chridd.nfshost.com/diachronica/search?q=%ca%8e
	ʟ	https://chridd.nfshost.com/diachronica/search?q=%ca%9f
	ʘ	https://chridd.nfshost.com/diachronica/search?q=%ca%98
	ǀ	https://chridd.nfshost.com/diachronica/search?q=%c7%80
	ǀʰ	https://chridd.nfshost.com/diachronica/search?q=%c7%80%ca%b0
	ǀˀ	https://chridd.nfshost.com/diachronica/search?q=%c7%80%cb%80
	ǀ̃	https://chridd.nfshost.com/diachronica/search?q=%c7%80%cc%83
	ⁿǀʰ	https://chridd.nfshost.com/diachronica/search?q=%e2%81%bf%c7%80%ca%b0
	ǁ	https://chridd.nfshost.com/diachronica/search?q=%c7%81
	ǁˀ	https://chridd.nfshost.com/diachronica/search?q=%c7%81%cb%80
	ǃ	https://chridd.nfshost.com/diachronica/search?q=%c7%83
	ǃˀ	https://chridd.nfshost.com/diachronica/search?q=%c7%83%cb%80
	ǃ̃	https://chridd.nfshost.com/diachronica/search?q=%c7%83%cc%83
	ǃ̬	https://chridd.nfshost.com/diachronica/search?q=%c7%83%cc%ac
	ǂ	https://chridd.nfshost.com/diachronica/search?q=%c7%82
	ǂˀ	https://chridd.nfshost.com/diachronica/search?q=%c7%82%cb%80
	ǂ̃	https://chridd.nfshost.com/diachronica/search?q=%c7%82%cc%83
	i	https://chridd.nfshost.com/diachronica/search?q=i
	iː	https://chridd.nfshost.com/diachronica/search?q=i%cb%90
	í	https://chridd.nfshost.com/diachronica/search?q=i%cc%81
	î	https://chridd.nfshost.com/diachronica/search?q=i%cc%82
	ĩ	https://chridd.nfshost.com/diachronica/search?q=i%cc%83
	ĭ	https://chridd.nfshost.com/diachronica/search?q=i%cc%86
	i̯	https://chridd.nfshost.com/diachronica/search?q=i%cc%af
	ḭ	https://chridd.nfshost.com/diachronica/search?q=i%cc%b0
	y	https://chridd.nfshost.com/diachronica/search?q=y
	yː	https://chridd.nfshost.com/diachronica/search?q=y%cb%90
	ỹ	https://chridd.nfshost.com/diachronica/search?q=y%cc%83
	ɨ	https://chridd.nfshost.com/diachronica/search?q=%c9%a8
	ɨː	https://chridd.nfshost.com/diachronica/search?q=%c9%a8%cb%90
	ɨ̃	https://chridd.nfshost.com/diachronica/search?q=%c9%a8%cc%83
	ɨ̃ː	https://chridd.nfshost.com/diachronica/search?q=%c9%a8%cc%83%cb%90
	ɨ̆	https://chridd.nfshost.com/diachronica/search?q=%c9%a8%cc%86
	ɨ̯	https://chridd.nfshost.com/diachronica/search?q=%c9%a8%cc%af
	ɨ̰	https://chridd.nfshost.com/diachronica/search?q=%c9%a8%cc%b0
	ʉ	https://chridd.nfshost.com/diachronica/search?q=%ca%89
	ʉː	https://chridd.nfshost.com/diachronica/search?q=%ca%89%cb%90
	ɯ	https://chridd.nfshost.com/diachronica/search?q=%c9%af
	ɯː	https://chridd.nfshost.com/diachronica/search?q=%c9%af%cb%90
	u	https://chridd.nfshost.com/diachronica/search?q=u
	uː	https://chridd.nfshost.com/diachronica/search?q=u%cb%90
	ú	https://chridd.nfshost.com/diachronica/search?q=u%cc%81
	û	https://chridd.nfshost.com/diachronica/search?q=u%cc%82
	ũ	https://chridd.nfshost.com/diachronica/search?q=u%cc%83
	ũː	https://chridd.nfshost.com/diachronica/search?q=u%cc%83%cb%90
	ŭ	https://chridd.nfshost.com/diachronica/search?q=u%cc%86
	u̯	https://chridd.nfshost.com/diachronica/search?q=u%cc%af
	ṵ	https://chridd.nfshost.com/diachronica/search?q=u%cc%b0
	ɪ	https://chridd.nfshost.com/diachronica/search?q=%c9%aa
	ɪː	https://chridd.nfshost.com/diachronica/search?q=%c9%aa%cb%90
	ɪ̃	https://chridd.nfshost.com/diachronica/search?q=%c9%aa%cc%83
	ɪ̞	https://chridd.nfshost.com/diachronica/search?q=%c9%aa%cc%9e
	ʏ	https://chridd.nfshost.com/diachronica/search?q=%ca%8f
	ʊ	https://chridd.nfshost.com/diachronica/search?q=%ca%8a
	ʊ́	https://chridd.nfshost.com/diachronica/search?q=%ca%8a%cc%81
	ʊ̄	https://chridd.nfshost.com/diachronica/search?q=%ca%8a%cc%84
	ʊ̈	https://chridd.nfshost.com/diachronica/search?q=%ca%8a%cc%88
	ʊ̯	https://chridd.nfshost.com/diachronica/search?q=%ca%8a%cc%af
	e	https://chridd.nfshost.com/diachronica/search?q=e
	eː	https://chridd.nfshost.com/diachronica/search?q=e%cb%90
	eːʲ	https://chridd.nfshost.com/diachronica/search?q=e%cb%90%ca%b2
	è	https://chridd.nfshost.com/diachronica/search?q=e%cc%80
	é	https://chridd.nfshost.com/diachronica/search?q=e%cc%81
	ê	https://chridd.nfshost.com/diachronica/search?q=e%cc%82
	ẽ	https://chridd.nfshost.com/diachronica/search?q=e%cc%83
	ẽː	https://chridd.nfshost.com/diachronica/search?q=e%cc%83%cb%90
	ē	https://chridd.nfshost.com/diachronica/search?q=e%cc%84
	ë	https://chridd.nfshost.com/diachronica/search?q=e%cc%88
	e̯	https://chridd.nfshost.com/diachronica/search?q=e%cc%af
	ḛ	https://chridd.nfshost.com/diachronica/search?q=e%cc%b0
	ø	https://chridd.nfshost.com/diachronica/search?q=%c3%b8
	øː	https://chridd.nfshost.com/diachronica/search?q=%c3%b8%cb%90
	ɘ	https://chridd.nfshost.com/diachronica/search?q=%c9%98
	ɵ	https://chridd.nfshost.com/diachronica/search?q=%c9%b5
	ɵː	https://chridd.nfshost.com/diachronica/search?q=%c9%b5%cb%90
	ɤ	https://chridd.nfshost.com/diachronica/search?q=%c9%a4
	ɤː	https://chridd.nfshost.com/diachronica/search?q=%c9%a4%cb%90
	o	https://chridd.nfshost.com/diachronica/search?q=o
	oː	https://chridd.nfshost.com/diachronica/search?q=o%cb%90
	oːʷ	https://chridd.nfshost.com/diachronica/search?q=o%cb%90%ca%b7
	ò	https://chridd.nfshost.com/diachronica/search?q=o%cc%80
	ó	https://chridd.nfshost.com/diachronica/search?q=o%cc%81
	ô	https://chridd.nfshost.com/diachronica/search?q=o%cc%82
	õ	https://chridd.nfshost.com/diachronica/search?q=o%cc%83
	õː	https://chridd.nfshost.com/diachronica/search?q=o%cc%83%cb%90
	ŏ	https://chridd.nfshost.com/diachronica/search?q=o%cc%86
	o̯	https://chridd.nfshost.com/diachronica/search?q=o%cc%af
	o̰	https://chridd.nfshost.com/diachronica/search?q=o%cc%b0
	ə	https://chridd.nfshost.com/diachronica/search?q=%c9%99
	əː	https://chridd.nfshost.com/diachronica/search?q=%c9%99%cb%90
	ə́	https://chridd.nfshost.com/diachronica/search?q=%c9%99%cc%81
	ə̃	https://chridd.nfshost.com/diachronica/search?q=%c9%99%cc%83
	ə̃ː	https://chridd.nfshost.com/diachronica/search?q=%c9%99%cc%83%cb%90
	ə̄	https://chridd.nfshost.com/diachronica/search?q=%c9%99%cc%84
	ə̆	https://chridd.nfshost.com/diachronica/search?q=%c9%99%cc%86
	ə̯	https://chridd.nfshost.com/diachronica/search?q=%c9%99%cc%af
	ə̰	https://chridd.nfshost.com/diachronica/search?q=%c9%99%cc%b0
	ɛ	https://chridd.nfshost.com/diachronica/search?q=%c9%9b
	ɛː	https://chridd.nfshost.com/diachronica/search?q=%c9%9b%cb%90
	ɛ̃	https://chridd.nfshost.com/diachronica/search?q=%c9%9b%cc%83
	ɛ̃ː	https://chridd.nfshost.com/diachronica/search?q=%c9%9b%cc%83%cb%90
	œ	https://chridd.nfshost.com/diachronica/search?q=%c5%93
	œː	https://chridd.nfshost.com/diachronica/search?q=%c5%93%cb%90
	œ̃	https://chridd.nfshost.com/diachronica/search?q=%c5%93%cc%83
	ɜ	https://chridd.nfshost.com/diachronica/search?q=%c9%9c
	ɜː	https://chridd.nfshost.com/diachronica/search?q=%c9%9c%cb%90
	ʌ	https://chridd.nfshost.com/diachronica/search?q=%ca%8c
	ʌ̃	https://chridd.nfshost.com/diachronica/search?q=%ca%8c%cc%83
	ʌ̃ː	https://chridd.nfshost.com/diachronica/search?q=%ca%8c%cc%83%cb%90
	ɔ	https://chridd.nfshost.com/diachronica/search?q=%c9%94
	ɔː	https://chridd.nfshost.com/diachronica/search?q=%c9%94%cb%90
	ɔ̃	https://chridd.nfshost.com/diachronica/search?q=%c9%94%cc%83
	ɔ̃ː	https://chridd.nfshost.com/diachronica/search?q=%c9%94%cc%83%cb%90
	ɔ̯	https://chridd.nfshost.com/diachronica/search?q=%c9%94%cc%af
	ɔ̰	https://chridd.nfshost.com/diachronica/search?q=%c9%94%cc%b0
	æ	https://chridd.nfshost.com/diachronica/search?q=%c3%a6
	æː	https://chridd.nfshost.com/diachronica/search?q=%c3%a6%cb%90
	æ̃	https://chridd.nfshost.com/diachronica/search?q=%c3%a6%cc%83
	æ̆	https://chridd.nfshost.com/diachronica/search?q=%c3%a6%cc%86
	ɐ	https://chridd.nfshost.com/diachronica/search?q=%c9%90
	a	https://chridd.nfshost.com/diachronica/search?q=a
	aː	https://chridd.nfshost.com/diachronica/search?q=a%cb%90
	ã	https://chridd.nfshost.com/diachronica/search?q=a%cc%83
	ãː	https://chridd.nfshost.com/diachronica/search?q=a%cc%83%cb%90
	ā	https://chridd.nfshost.com/diachronica/search?q=a%cc%84
	ă	https://chridd.nfshost.com/diachronica/search?q=a%cc%86
	å	https://chridd.nfshost.com/diachronica/search?q=a%cc%8a
	a̯	https://chridd.nfshost.com/diachronica/search?q=a%cc%af
	a̰	https://chridd.nfshost.com/diachronica/search?q=a%cc%b0
	ɑ	https://chridd.nfshost.com/diachronica/search?q=%c9%91
	ɑː	https://chridd.nfshost.com/diachronica/search?q=%c9%91%cb%90
	ɑ́	https://chridd.nfshost.com/diachronica/search?q=%c9%91%cc%81
	ɑ̃	https://chridd.nfshost.com/diachronica/search?q=%c9%91%cc%83
	ɑ̃ː	https://chridd.nfshost.com/diachronica/search?q=%c9%91%cc%83%cb%90
	ɑ̄	https://chridd.nfshost.com/diachronica/search?q=%c9%91%cc%84
	ɒ	https://chridd.nfshost.com/diachronica/search?q=%c9%92
	ɒː	https://chridd.nfshost.com/diachronica/search?q=%c9%92%cb%90
	ʰ	https://chridd.nfshost.com/diachronica/search?q=%ca%b0
	ʱ	https://chridd.nfshost.com/diachronica/search?q=%ca%b1
	ʲ	https://chridd.nfshost.com/diachronica/search?q=%ca%b2
	ʷ	https://chridd.nfshost.com/diachronica/search?q=%ca%b7
	ʼ	https://chridd.nfshost.com/diachronica/search?q=%ca%bc
	ˀ	https://chridd.nfshost.com/diachronica/search?q=%cb%80
	ː	https://chridd.nfshost.com/diachronica/search?q=%cb%90
	ˑ	https://chridd.nfshost.com/diachronica/search?q=%cb%91
	ˤ	https://chridd.nfshost.com/diachronica/search?q=%cb%a4
	◌̀	https://chridd.nfshost.com/diachronica/search?q=%cc%80
	◌́	https://chridd.nfshost.com/diachronica/search?q=%cc%81
	◌̂	https://chridd.nfshost.com/diachronica/search?q=%cc%82
	◌̃	https://chridd.nfshost.com/diachronica/search?q=%cc%83
	◌̄	https://chridd.nfshost.com/diachronica/search?q=%cc%84
	◌̆	https://chridd.nfshost.com/diachronica/search?q=%cc%86
	◌̈	https://chridd.nfshost.com/diachronica/search?q=%cc%88
	◌̊	https://chridd.nfshost.com/diachronica/search?q=%cc%8a
	◌̌	https://chridd.nfshost.com/diachronica/search?q=%cc%8c
	◌̚	https://chridd.nfshost.com/diachronica/search?q=%cc%9a
	◌̝	https://chridd.nfshost.com/diachronica/search?q=%cc%9d
	◌̞	https://chridd.nfshost.com/diachronica/search?q=%cc%9e
	◌̥	https://chridd.nfshost.com/diachronica/search?q=%cc%a5
	◌̩	https://chridd.nfshost.com/diachronica/search?q=%cc%a9
	◌̪	https://chridd.nfshost.com/diachronica/search?q=%cc%aa
	◌̬	https://chridd.nfshost.com/diachronica/search?q=%cc%ac
	◌̯	https://chridd.nfshost.com/diachronica/search?q=%cc%af
	◌̰	https://chridd.nfshost.com/diachronica/search?q=%cc%b0
	◌̲	https://chridd.nfshost.com/diachronica/search?q=%cc%b2
	◌̺	https://chridd.nfshost.com/diachronica/search?q=%cc%ba
	◌̻	https://chridd.nfshost.com/diachronica/search?q=%cc%bb
	◌̼	https://chridd.nfshost.com/diachronica/search?q=%cc%bc
	◌͜	https://chridd.nfshost.com/diachronica/search?q=%cd%9c
	◌͜p	https://chridd.nfshost.com/diachronica/search?q=%cd%9cp
	◌͜s	https://chridd.nfshost.com/diachronica/search?q=%cd%9cs
	◌͜z	https://chridd.nfshost.com/diachronica/search?q=%cd%9cz
	◌͡	https://chridd.nfshost.com/diachronica/search?q=%cd%a1
	◌͡ʰ	https://chridd.nfshost.com/diachronica/search?q=%cd%a1%ca%b0
	◌͡χ	https://chridd.nfshost.com/diachronica/search?q=%cd%a1%cf%87
	#_	https://chridd.nfshost.com/diachronica/search?q=%23_
	_#	https://chridd.nfshost.com/diachronica/search?q=_%23
	#	https://chridd.nfshost.com/diachronica/search?q=%23
	$	https://chridd.nfshost.com/diachronica/search?q=%24
	%	https://chridd.nfshost.com/diachronica/search?q=%25
	&	https://chridd.nfshost.com/diachronica/search?q=%26
	+	https://chridd.nfshost.com/diachronica/search?q=%2b
	1	https://chridd.nfshost.com/diachronica/search?q=1
	2	https://chridd.nfshost.com/diachronica/search?q=2
	3	https://chridd.nfshost.com/diachronica/search?q=3
	4	https://chridd.nfshost.com/diachronica/search?q=4
	5	https://chridd.nfshost.com/diachronica/search?q=5
	:	https://chridd.nfshost.com/diachronica/search?q=%3a
	@	https://chridd.nfshost.com/diachronica/search?q=%40
	A	https://chridd.nfshost.com/diachronica/search?q=A
	B	https://chridd.nfshost.com/diachronica/search?q=B
	C	https://chridd.nfshost.com/diachronica/search?q=C
	D	https://chridd.nfshost.com/diachronica/search?q=D
	E	https://chridd.nfshost.com/diachronica/search?q=E
	F	https://chridd.nfshost.com/diachronica/search?q=F
	G	https://chridd.nfshost.com/diachronica/search?q=G
	H	https://chridd.nfshost.com/diachronica/search?q=H
	I	https://chridd.nfshost.com/diachronica/search?q=I
	J	https://chridd.nfshost.com/diachronica/search?q=J
	K	https://chridd.nfshost.com/diachronica/search?q=K
	L	https://chridd.nfshost.com/diachronica/search?q=L
	M	https://chridd.nfshost.com/diachronica/search?q=M
	N	https://chridd.nfshost.com/diachronica/search?q=N
	O	https://chridd.nfshost.com/diachronica/search?q=O
	P	https://chridd.nfshost.com/diachronica/search?q=P
	Q	https://chridd.nfshost.com/diachronica/search?q=Q
	R	https://chridd.nfshost.com/diachronica/search?q=R
	S	https://chridd.nfshost.com/diachronica/search?q=S
	T	https://chridd.nfshost.com/diachronica/search?q=T
	U	https://chridd.nfshost.com/diachronica/search?q=U
	V	https://chridd.nfshost.com/diachronica/search?q=V
	W	https://chridd.nfshost.com/diachronica/search?q=W
	X	https://chridd.nfshost.com/diachronica/search?q=X
	Y	https://chridd.nfshost.com/diachronica/search?q=Y
	Z	https://chridd.nfshost.com/diachronica/search?q=Z
	Ł	https://chridd.nfshost.com/diachronica/search?q=%c5%81
	ȵ	https://chridd.nfshost.com/diachronica/search?q=%c8%b5
	ɚ	https://chridd.nfshost.com/diachronica/search?q=%c9%9a
	ɿ	https://chridd.nfshost.com/diachronica/search?q=%c9%bf
	ʅ	https://chridd.nfshost.com/diachronica/search?q=%ca%85
	Ω	https://chridd.nfshost.com/diachronica/search?q=%ce%a9
	ъ	https://chridd.nfshost.com/diachronica/search?q=%d1%8a
	ь	https://chridd.nfshost.com/diachronica/search?q=%d1%8c
	ᵚ	https://chridd.nfshost.com/diachronica/search?q=%e1%b5%9a
	”	https://chridd.nfshost.com/diachronica/search?q=%e2%80%9d
	…	https://chridd.nfshost.com/diachronica/search?q=%e2%80%a6
	∅	https://chridd.nfshost.com/diachronica/search?q=%e2%88%85
