BIPA	NON_IPA	GRAPHEME	FEATURES
	ndz	ⁿdz	conso:affricate:alveolar:voiced:prenasalized
	nts	ⁿts	conso:affricate:alveolar:voiceless:prenasalized
	nts'	ⁿtsʼ	conso:affricate:alveolar:voiceless:glottalized_prenasalized
	nts’	ⁿtsʼ	conso:affricate:alveolar:voiceless:glottalized_prenasalized
	dz	dz	conso:affricate:alveolar:voiced:plain
	dzH	dzʰ	conso:affricate:alveolar:voiced:aspirated
	dzw	dzʷ	conso:affricate:alveolar:voiced:labialized
	dz'	dzʼ	conso:affricate:alveolar:voiced:glottalized
	dz’	dzʼ	conso:affricate:alveolar:voiced:glottalized
	dzj	dzʲ	conso:affricate:alveolar:voiced:palatalized
	mdz	dz	conso:affricate:alveolar:voiced:labial_prenasalized
	mts	ts	conso:affricate:alveolar:voiceless:labial_prenasalized
	ts	ts	conso:affricate:alveolar:voiceless:plain
	tsH	tsʰ	conso:affricate:alveolar:voiceless:aspirated
	tshw	tsʰʷ	conso:affricate:alveolar:voiceless:aspirated_labialized
	tsw	tsʷ	conso:affricate:alveolar:voiceless:labialized
	ts'	tsʼ	conso:affricate:alveolar:voiceless:glottalized
	ts’	tsʼ	conso:affricate:alveolar:voiceless:glottalized
	ts’w	tsʼʷ	conso:affricate:alveolar:voiceless:glottalized_labialized
	ts'w	tsʼʷ	conso:affricate:alveolar:voiceless:glottalized_labialized
	tsj	tsʲ	conso:affricate:alveolar:voiceless:palatalized
	ts$	ts̀	conso:affricate:alveolar:voiceless:tense
	tsjh	tsjʰ	conso:affricate:alveolar:voiceless:aspirated_palatalized
	tswh	tswʰ	conso:affricate:alveolar:voiceless:aspirated_labialized
	tz	tz	conso:affricate:alveolar:voiceless_to_voiced:plain
	tz'	tzʼ	conso:affricate:alveolar:voiceless_to_voiced:glottalized
	tz’	tzʼ	conso:affricate:alveolar:voiceless_to_voiced:glottalized
	tþç	tɕɥ	conso:affricate:alveolar_to_alveolopalatal:voiceless:labiopalatalized
	ndB	ⁿdβ	conso:affricate:alveolar_to_bilabial:voiced:prenasalized
	nt¸	ⁿtɸ	conso:affricate:alveolar_to_bilabial:voiceless:prenasalized
	dB	dβ	conso:affricate:alveolar_to_bilabial:voiced:plain
	t¸h	tɸʰ	conso:affricate:alveolar_to_bilabial:voiceless:aspirated
	tT'	tθʼ	conso:affricate:alveolar_to_dental:voiceless:glottalized
	tT’	tθʼ	conso:affricate:alveolar_to_dental:voiceless:glottalized
	dD	dð	conso:affricate:alveolar_to_interdental:voiced:plain
	tT	tθ	conso:affricate:alveolar_to_interdental:voiceless:plain
	dÆ	dʝ	conso:affricate:alveolar_to_palatal:voiced:plain
	tC	tç	conso:affricate:alveolar_to_palatal:voiceless:plain
	tCh	tçʰ	conso:affricate:alveolar_to_palatal:voiceless:aspirated
	d½	dʐ	conso:affricate:alveolar_to_retroflex:voiced:plain
	t§	tʂ	conso:affricate:alveolar_to_retroflex:voiceless:plain
	t§'	tʂʼ	conso:affricate:alveolar_to_retroflex:voiceless:glottalized
	t§’	tʂʼ	conso:affricate:alveolar_to_retroflex:voiceless:glottalized
	dƒÄw	dɣw	conso:affricate:alveolar_to_velar:voiced:labialized
	dx	dx	conso:affricate:alveolar_to_velar:voiced_to_voiceless:plain
	tx	tx	conso:affricate:alveolar_to_velar:voiceless:plain
	dü	dʑ	conso:affricate:alveolopalatal:voiced:plain
	düç	dʑɥ	conso:affricate:alveolopalatal:voiced:labiopalatalized
	tþ	tɕ	conso:affricate:alveolopalatal:voiceless:plain
	tþH	tɕʰ	conso:affricate:alveolopalatal:voiceless:aspirated
	ttS	tːʃ	conso:affricate:alveolopalatal:voiceless_long:plain
	ttSS	tːʃː	conso:affricate:alveolopalatal:voiceless_extra_long:plain
	p¸	pɸ	conso:affricate:bilabial:voiceless:plain
	bƒz	bz	conso:affricate:bilabial_to_alveolar:voiced:plain
	bz	bz	conso:affricate:bilabial_to_alveolar:voiced:plain
	pƒs	ps	conso:affricate:bilabial_to_alveolar:voiceless:plain
	ps	ps	conso:affricate:bilabial_to_alveolar:voiceless:plain
	bƒL	bɮ	conso:affricate:bilabial_to_lateral:voiced:plain
	bZ	bʒ	conso:affricate:bilabial_to_postalveolar:voiced:plain
	pSh	pʃʰ	conso:affricate:bilabial_to_postalveolar:voiceless:aspirated
	pS'	pʃʼ	conso:affricate:bilabial_to_postalveolar:voiceless:glottalized
	pS’	pʃʼ	conso:affricate:bilabial_to_postalveolar:voiceless:glottalized
	d5z5	d̪z̪	conso:affricate:dental:voiced:plain
	d5z5w	d̪z̪ʷ	conso:affricate:dental:voiced:labialized
	d5z5j	d̪z̪ʲ	conso:affricate:dental:voiced:palatalized
	t5s5	t̪s̪	conso:affricate:dental:voiceless:plain
	t5s5:	t̪s̪ː	conso:affricate:dental:voiceless_long:plain
	t5s5ú	t̪s̪ɦ	conso:affricate:dental:voiceless:voiced_aspirated
	t5s5h	t̪s̪ʰ	conso:affricate:dental:voiceless:aspirated
	t5s5hw	t̪s̪ʰʷ	conso:affricate:dental:voiceless:aspirated_labialized
	t5s5'	t̪s̪ʼ	conso:affricate:dental:voiceless:glottalized
	t5s5’	t̪s̪ʼ	conso:affricate:dental:voiceless:glottalized
	t5s5j	t̺s̺ʲ	conso:affricate:dental:voiceless:palatalized
	d5Z	d̪ʒ	conso:affricate:dental_to_postalveolar:voiced:plain
	t5S	t̪ʃ	conso:affricate:dental_to_postalveolar:voiceless:plain
	d5D	d̪ð	conso:affricate:interdental:voiced:plain
	t5T	t̪θ	conso:affricate:interdental:voiceless:plain
	bv	bv	conso:affricate:labiodental:voiced:plain
	pf	pf	conso:affricate:labiodental:voiceless:plain
	pfH	pfʰ	conso:affricate:labiodental:voiceless:aspirated
	pv	pv	conso:affricate:labiodental:voiceless_to_voiced:plain
	bƒC	b͡ç	conso:affricate:labiopalatal:voiced_to_voiceless:plain
	bƒÆ	b͡ʝ	conso:affricate:labiopalatal:voiced:plain
	t6s6	t̻s̻	conso:affricate:laminal_alveolar:voiceless:plain
	d6ü	d̻ʑ	conso:affricate:laminal_alveolar_to_alveolopalatal:voiced:plain
	t6þ	t̻ɕ	conso:affricate:laminal_alveolar_to_alveolopalatal:voiceless:plain
	t6þh	t̻ɕʰ	conso:affricate:laminal_alveolar_to_alveolopalatal:voiceless:aspirated
	t6þ'	t̻ɕʼ	conso:affricate:laminal_alveolar_to_alveolopalatal:voiceless:glottalized
	t6þ’	t̻ɕʼ	conso:affricate:laminal_alveolar_to_alveolopalatal:voiceless:glottalized
	d6Z6	d̻ʒ̻	conso:affricate:laminal_alveolar_to_laminal_postalveolar:voiced:plain
	t6S6	t̻ʃ̻	conso:affricate:laminal_postalveolar:voiceless:plain
	ndL	ⁿdɮ	conso:affricate:lateral:voiced:prenasalized
	ntÂ	ⁿtɬ	conso:affricate:lateral:voiceless:prenasalized
	tÂ	tɬ	conso:affricate:lateral:voiceless:plain
	tÂh	tɬʰ	conso:affricate:lateral:voiceless:aspirated
	tÂ'	tɬʼ	conso:affricate:lateral:voiceless:glottalized
	tÂ’	tɬʼ	conso:affricate:lateral:voiceless:glottalized
	cC	cç	conso:affricate:palatal:voiceless:plain
	cCh	cçʰ	conso:affricate:palatal:voiceless:aspirated
	cC'	cçʼ	conso:affricate:palatal:voiceless:glottalized
	cC’	cçʼ	conso:affricate:palatal:voiceless:glottalized
	ïÆ	ɟʝ	conso:affricate:palatal:voiced:plain
	cþ	cɕ	conso:affricate:palatal_to_alveolopalatal:voiceless:plain
	cþH	cɕʰ	conso:affricate:palatal_to_alveolopalatal:voiceless:aspirated
	cþ'	cɕʼ	conso:affricate:palatal_to_alveolopalatal:voiceless:glottalized
	cþ’	cɕʼ	conso:affricate:palatal_to_alveolopalatal:voiceless:glottalized
	c$þ	c̀ɕ	conso:affricate:palatal_to_alveolopalatal:voiceless:tense
	ïü	ɟʑ	conso:affricate:palatal_to_alveolopalatal:voiced:plain
	cS	cʃ	conso:affricate:palatal_to_postalveolar:voiceless:plain
	ø8cS	ɲ̥cʃ	conso:affricate:palatal_to_postalveolar:voiceless:voiceless_prenasalized
	ødZ	ⁿdʒ	conso:affricate:postalveolar:voiced:prenasalized
	ndZ	ⁿdʒ	conso:affricate:postalveolar:voiced:prenasalized
	ntS	ⁿtʃ	conso:affricate:postalveolar:voiceless:prenasalized
	ntSHW	ⁿtʃʰʷ	conso:affricate:postalveolar:voiceless:aspirated_labialized_prenasalized
	ntSW	ⁿtʃʷ	conso:affricate:postalveolar:voiceless:labialized_prenasalized
	ntS'	ⁿtʃʼ	conso:affricate:postalveolar:voiceless:glottalized_prenasalized
	ntS’	ⁿtʃʼ	conso:affricate:postalveolar:voiceless:glottalized_prenasalized
	dZ	dʒ	conso:affricate:postalveolar:voiced:plain
	dZH	dʒʰ	conso:affricate:postalveolar:voiced:aspirated
	dZw	dʒʷ	conso:affricate:postalveolar:voiced:labialized
	dZj	dʒʲ	conso:affricate:postalveolar:voiced:palatalized
	ddZ	dːʒ	conso:affricate:postalveolar:voiced_long:plain
	mdZ	dʒ	conso:affricate:postalveolar:voiced:labial_prenasalized
	mtS	tʃ	conso:affricate:postalveolar:voiceless:labial_prenasalized
	tS	tʃ	conso:affricate:postalveolar:voiceless:plain
	tSú	tʃɦ	conso:affricate:postalveolar:voiceless:voiced_aspirated
	tSÖ	tʃˤ	conso:affricate:postalveolar:voiceless:pharyngealized
	tSH	tʃʰ	conso:affricate:postalveolar:voiceless:aspirated
	tSHW	tʃʰʷ	conso:affricate:postalveolar:voiceless:aspirated_labialized
	tSW	tʃʷ	conso:affricate:postalveolar:voiceless:labialized
	tSw'	tʃʷʼ	conso:affricate:postalveolar:voiceless:glottalized_labialized
	tSw’	tʃʷʼ	conso:affricate:postalveolar:voiceless:glottalized_labialized
	tS'	tʃʼ	conso:affricate:postalveolar:voiceless:glottalized
	tSʼ	tʃʼ	conso:affricate:postalveolar:voiceless:glottalized
	tSj	tʃʲ	conso:affricate:postalveolar:voiceless:palatalized
	tS$	tʃ̀	conso:affricate:postalveolar:voiceless:tense
	ÿ§	ʈʂ	conso:affricate:retroflex:voiceless:plain
	ÿ§H	ʈʂʰ	conso:affricate:retroflex:voiceless:aspirated
	ÿ§'	ʈʂʼ	conso:affricate:retroflex:voiceless:glottalized
	ÿ§’	ʈʂʼ	conso:affricate:retroflex:voiceless:glottalized
	ê½	ɖʐ	conso:affricate:retroflex:voiced:plain
	qX	qχ	conso:affricate:uvular:voiceless:plain
	Nkx'	ŋkxʼ	conso:affricate:velar:voiceless:glottalized_prenasalized
	Nkx’	ŋkxʼ	conso:affricate:velar:voiceless:glottalized_prenasalized
	gkx’	ɡkx’	conso:affricate:velar:voiced_to_voiceless:glottalized
	kxh	kxʰ	conso:affricate:velar:voiceless:aspirated
	kx'	kxʼ	conso:affricate:velar:voiceless:glottalized
	kx’	kxʼ	conso:affricate:velar:voiceless:glottalized
	kf	kf	conso:affricate:velar_to_labiodental:voiced_to_voiceless:plain
	dz’kx’	dzʼkxʼ	conso:affricate_to_affricate:alveolar_to_velar:voiced_to_voiceless:glottalized
	dz'kx'	dzʼkxʼ	conso:affricate_to_affricate:alveolar_to_velar:voiced_to_voiceless:glottalized
	ts’kx’	tsʼkxʼ	conso:affricate_to_affricate:alveolar_to_velar:voiceless:glottalized
	ts'kx'	tsʼkxʼ	conso:affricate_to_affricate:alveolar_to_velar:voiceless:glottalized
	dzƒÄw	dzɣw	conso:affricate_to_fricative:alveolar_to_velar:voiced:labialized
	dzx	dzx	conso:affricate_to_fricative:alveolar_to_velar:voiced_to_voiceless:plain
	tsx	tsx	conso:affricate_to_fricative:alveolar_to_velar:voiceless:plain
	dZƒÄw	dʒ͡ɣʷ	conso:affricate_to_fricative:postalveolar_to_velar:voiced:labialized
	gkx'	ɡkx’	conso:affricate_to_fricative:velar:voiced_to_voiceless:glottalized
	tsƒkw	ts͡kʷ	conso:affricate_to_stop:alveolar_to_velar:voiceless:labialized
	dZƒg	dʒ͡ɡ	conso:affricate_to_stop:postalveolar_to_velar:voiced:plain
	tSƒk	tʃ͡k	conso:affricate_to_stop:postalveolar_to_velar:voiceless:plain
	tƒkw	tʃ͡kʷ	conso:affricate_to_stop:postalveolar_to_velar:voiceless:labialized
	tSƒkw	tʃ͡kʷ	conso:affricate_to_stop:postalveolar_to_velar:voiceless:labialized
	¨	ɹ	conso:approximant:alveolar:voiced:plain
	¾â	ɹ	conso:approximant:alveolar:voiced:plain
	¨:	ɹː	conso:approximant:alveolar:voiced_long:plain
	V	ʋ	conso:approximant:labiodental:voiced:plain
	V+	ʋ*	conso:approximant:labiodental:voiced:lax
	Vh	ʋʰ	conso:approximant:labiodental:voiced:aspirated
	Vj	ʋʲ	conso:approximant:labiodental:voiced:palatalized
	V)	ʋ̃	conso:approximant:labiodental:voiced:nasalized
	ç	ɥ	conso:approximant:labiopalatal:voiced:plain
	ç8	ɥ̥	conso:approximant:labiopalatal:voiceless:plain
	w8	ʍ	conso:approximant:labiovelar:voiceless:plain
	/edw	ʔw	conso:approximant:labiovelar:voiced:preglottalized
	‘w	ʔw	conso:approximant:labiovelar:voiced:preglottalized
	w	w	conso:approximant:labiovelar:voiced:plain
	w+	w*	conso:approximant:labiovelar:voiced:lax
	w:	wː	conso:approximant:labiovelar:voiced_long:plain
	wú	wɦ	conso:approximant:labiovelar:voiced:voiced_aspirated
	w³	wˤ	conso:approximant:labiovelar:voiced:pharyngealized
	wH	wʰ	conso:approximant:labiovelar:voiced:aspirated
	w'	wʼ	conso:approximant:labiovelar:voiced:glottalized
	w/	wʼ	conso:approximant:labiovelar:voiced:glottalized
	w’	wʼ	conso:approximant:labiovelar:voiced:glottalized
	wj	wʲ	conso:approximant:labiovelar:voiced:palatalized
	w)	w̃	conso:approximant:labiovelar:voiced:nasalized
	/j	ʔj	conso:approximant:palatal:voiced:preglottalized
	‘j	ʔj	conso:approximant:palatal:voiced:preglottalized
	j	j	conso:approximant:palatal:voiced:plain
	j:	jː	conso:approximant:palatal:voiced_long:plain
	jH	jʰ	conso:approximant:palatal:voiced:aspirated
	jW	jʷ	conso:approximant:palatal:voiced:labialized
	j'	jʼ	conso:approximant:palatal:voiced:glottalized
	j/	jʼ	conso:approximant:palatal:voiced:glottalized
	j’	jʼ	conso:approximant:palatal:voiced:glottalized
	jæ	ĵ	conso:approximant:palatal:voiced:lenis
	j*	j̥	conso:approximant:palatal:voiceless:plain
	j)	j̃	conso:approximant:palatal:voiced:nasalized
	Ó	ɻ	conso:approximant:retroflex:voiced:plain
	qå	qɰ	conso:approximant:uvular:voiced:plain
	å	ɰ	conso:approximant:velar:voiced:plain
	µ9	ɰ	conso:approximant:velar:voiced:plain
	å'	ɰʼ	conso:approximant:velar:voiced:glottalized
	å’	ɰʼ	conso:approximant:velar:voiced:glottalized
	—	ǃ	conso:click:alveolar:voiceless:plain
	!d	ǃd	conso:click:alveolar:voiceless:d_accompaniment
	!Z	ǃʒ	conso:click:alveolar:voiceless:Z_accompaniment
	—/	ǃʔ	conso:click:alveolar:voiceless:glottalized
	—h	ǃʰ	conso:click:alveolar:voiceless:aspirated
	!S	ǃʃ	conso:click:alveolar:voiceless:S_accompaniment
	—kx/	ǃkxʔ	conso:click:alveolar:voiceless:glottalized_kx_accompaniment
	!n	ǃn	conso:click:alveolar:voiceless:nasalized
	—n	ǃn	conso:click:alveolar:voiceless:nasalized
	—n8	ǃn̥	conso:click:alveolar:voiceless:voiceless_nasalized
	—q	ǃq	conso:click:alveolar:voiceless:q_accompaniment
	—q/	ǃqʔ	conso:click:alveolar:voiceless:glottalized_q_accompaniment
	—qh	ǃqʰ	conso:click:alveolar:voiceless:aspirated_q_accompaniment
	!r	ǃr	conso:click:alveolar:voiceless:r_accompaniment
	!s	ǃs	conso:click:alveolar:voiceless:s_accompaniment
	!t	ǃt	conso:click:alveolar:voiceless:t_accompaniment
	—x	ǃx	conso:click:alveolar:voiceless:x_accompaniment
	!z	ǃz	conso:click:alveolar:voiceless:z_accompaniment
	—g	ɡǃ	conso:click:alveolar:voiced:plain
	g—	ɡǃ	conso:click:alveolar:voiced:plain
	g—h	ɡǃʰ	conso:click:alveolar:voiced:aspirated
	g—kx/	ɡǃkx	conso:click:alveolar:voiced:kx_accompaniment
	g—x	ɡǃx	conso:click:alveolar:voiced:x_accompaniment
	/—n	ʔǃn	conso:click:alveolar:voiceless:nasalized_preglottalized
	/‡n	ʔʘn	conso:click:alveolar:voiceless:glottalized_prenasalized
	l!	lǃ	conso:click:alveolar:voiced:l_accompaniment
	m—G	mǃG	conso:click:alveolar:voiceless:labial_prenasalized_G_accompaniment
	n—	nǃ	conso:click:alveolar:voiceless:prenasalized
	ng—	nɡǃ	conso:click:alveolar:voiced:prenasalized
	nk—	nkǃ	conso:click:alveolar:voiceless:alveolar_prenasalized
	‡g	ɡʘ	conso:click:bilabial:voiced:plain
	g‡h	ɡʘʰ	conso:click:bilabial:voiced:aspirated
	g‡kx/	ɡʘkx	conso:click:bilabial:voiced:kx_accompaniment
	g‡x	ɡʘx	conso:click:bilabial:voiced:x_accompaniment
	‡	ʘ	conso:click:bilabial:voiceless:plain
	‡/	ʘʔ	conso:click:bilabial:voiceless:glottalized
	‡h	ʘʰ	conso:click:bilabial:voiceless:aspirated
	‡kx/	ʘkxʔ	conso:click:bilabial:voiceless:glottalized_kx_accompaniment
	‡n	ʘn	conso:click:bilabial:voiceless:nasalized
	‡n8	ʘn̥	conso:click:bilabial:voiceless:voiceless_nasalized
	‡q	ʘq	conso:click:bilabial:voiceless:q_accompaniment
	‡q/	ʘqʔ	conso:click:bilabial:voiceless:glottalized_q_accompaniment
	‡qh	ʘqʰ	conso:click:bilabial:voiceless:aspirated_q_accompaniment
	‡x	ʘx	conso:click:bilabial:voiceless:x_accompaniment
	m‡G	mʘG	conso:click:bilabial:voiceless:labial_prenasalized_G_accompaniment
	p<	p<	conso:click:bilabial:voiceless:pulmonic_ingressive
	nŽ	ⁿǀ	conso:click:dental:voiceless:prenasalized
	–	ǀ	conso:click:dental:voiceless:plain
	Ž	ǀ	conso:click:dental:voiceless:plain
	–/	ǀʔ	conso:click:dental:voiceless:glottalized
	–h	ǀʰ	conso:click:dental:voiceless:aspirated
	–kx/	ǀkxʔ	conso:click:dental:voiceless:glottalized_kx_accompaniment
	–n	ǀn	conso:click:dental:voiceless:nasalized
	–n8	ǀn̥	conso:click:dental:voiceless:voiceless_nasalized
	–q	ǀq	conso:click:dental:voiceless:q_accompaniment
	–q/	ǀqʔ	conso:click:dental:voiceless:glottalized_q_accompaniment
	–qh	ǀqʰ	conso:click:dental:voiceless:aspirated_q_accompaniment
	–s	ǀs	conso:click:dental:voiceless:affricative
	–x	ǀx	conso:click:dental:voiceless:x_accompaniment
	–g	ɡǀ	conso:click:dental:voiced:plain
	g–	ɡǀ	conso:click:dental:voiced:plain
	g–h	ɡǀʰ	conso:click:dental:voiced:aspirated
	g–kx/	ɡǀkx	conso:click:dental:voiced:kx_accompaniment
	g–x	ɡǀx	conso:click:dental:voiced:x_accompaniment
	/–n	ʔǀn	conso:click:dental:voiceless:nasalized_preglottalized
	m–G	mǀG	conso:click:dental:voiceless:labial_prenasalized_G_accompaniment
	n–	nǀ	conso:click:dental:voiceless:prenasalized
	ng–	nɡǀ	conso:click:dental:voiced:prenasalized
	nk–	nkǀ	conso:click:dental:voiceless:alveolar_prenasalized_k_accompaniment
	’	ǁ	conso:click:lateral:voiceless:plain
	„	ǁ	conso:click:lateral:voiceless:plain
	„/	ǁʔ	conso:click:lateral:voiceless:glottalized
	„h	ǁʰ	conso:click:lateral:voiceless:aspirated
	„kx/	ǁkxʔ	conso:click:lateral:voiceless:glottalized_kx_accompaniment
	„n	ǁn	conso:click:lateral:voiced:nasalized
	„n8	ǁn̥	conso:click:lateral:voiced:voiceless_nasalized
	„q	ǁq	conso:click:lateral:voiceless:q_accompaniment
	„qh	ǁqʰ	conso:click:lateral:voiceless:aspirated_q_accompaniment
	„x	ǁx	conso:click:lateral:voiceless:x_accompaniment
	„g	ɡǁ	conso:click:lateral:voiced:plain
	g„	ɡǁ	conso:click:lateral:voiced:plain
	g„h	ɡǁʰ	conso:click:lateral:voiced:aspirated
	g„kx/	ɡǁkx	conso:click:lateral:voiced:kx_accompaniment
	g„x	ɡǁx	conso:click:lateral:voiced:x_accompaniment
	/„n	ʔǁn	conso:click:lateral:voiceless:glottalized_prenasalized
	m„G	mǁG	conso:click:lateral:voiced:labial_prenasalized_G_accompaniment
	n„	nǁ	conso:click:lateral:voiceless:prenasalized
	ng„	nɡǁ	conso:click:lateral:voiced:prenasalized
	„q/	ǁqʔ	conso:click:lateral:voiceless:glottalized_q_accompaniment
	œ	ǂ	conso:click:palatoalveolar:voiceless:plain
	œ/	ǂʔ	conso:click:palatoalveolar:voiceless:glottalized
	œh	ǂʰ	conso:click:palatoalveolar:voiceless:aspirated
	œkx/	ǂkxʔ	conso:click:palatoalveolar:voiceless:glottalized_kx_accompaniment
	œn	ǂn	conso:click:palatoalveolar:voiceless:nasalized
	œn8	ǂn̥	conso:click:palatoalveolar:voiceless:voiceless_nasalized
	œq	ǂq	conso:click:palatoalveolar:voiceless:q_accompaniment
	œq/	ǂqʔ	conso:click:palatoalveolar:voiceless:glottalized_q_accompaniment
	œqh	ǂqʰ	conso:click:palatoalveolar:voiceless:aspirated_q_accompaniment
	œx	ǂx	conso:click:palatoalveolar:voiceless:x_accompaniment
	œg	ɡǂ	conso:click:palatoalveolar:voiced:plain
	gœ	ɡǂ	conso:click:palatoalveolar:voiced:plain
	gœh	ɡǂʰ	conso:click:palatoalveolar:voiced:aspirated
	gœkx/	ɡǂkx	conso:click:palatoalveolar:voiced:kx_accompaniment
	gœx	ɡǂx	conso:click:palatoalveolar:voiced:x_accompaniment
	/œn	ʔǂn	conso:click:palatoalveolar:voiceless:nasalized_preglottalized
	mœG	mǂG	conso:click:palatoalveolar:voiceless:labial_prenasalized_G_accompaniment
	nœ	nǂ	conso:click:palatoalveolar:voiceless:prenasalized
	ngœ	nɡǂ	conso:click:palatoalveolar:voiced:prenasalized
	t'/ë	t'	conso:ejective:alveolar:voiceless:plain
	d'	dʼ	conso:ejective:alveolar:voiced:plain
	d’	dʼ	conso:ejective:alveolar:voiced:plain
	t'	tʼ	conso:ejective:alveolar:voiceless:plain
	t’	tʼ	conso:ejective:alveolar:voiceless:plain
	t’w	tʼʷ	conso:ejective:alveolar:voiceless:labialized
	t'w	tʼʷ	conso:ejective:alveolar:voiceless:labialized
	p'	pʼ	conso:ejective:bilabial:voiceless:plain
	p’	pʼ	conso:ejective:bilabial:voiceless:plain
	p’³	pʼˤ	conso:ejective:bilabial:voiceless:pharyngealized
	p'³	pʼˤ	conso:ejective:bilabial:voiceless:pharyngealized
	n5t5'	n̪t̪ʼ	conso:ejective:dental:voiceless:prenasalized
	n5t5’	n̪t̪ʼ	conso:ejective:dental:voiceless:prenasalized
	t5'	t̪ʼ	conso:ejective:dental:voiceless:plain
	t5ʼ	t̪ʼ	conso:ejective:dental:voiceless:plain
	c'	cʼ	conso:ejective:palatal:voiceless:plain
	c’	cʼ	conso:ejective:palatal:voiceless:plain
	q'	qʼ	conso:ejective:uvular:voiceless:plain
	q’	qʼ	conso:ejective:uvular:voiceless:plain
	q’³	qʼˤ	conso:ejective:uvular:voiceless:pharyngealized
	q'³	qʼˤ	conso:ejective:uvular:voiceless:pharyngealized
	q’³w	qʼˤʷ	conso:ejective:uvular:voiceless:pharyngealized_labialized
	q'³w	qʼˤʷ	conso:ejective:uvular:voiceless:pharyngealized_labialized
	q’w	qʼʷ	conso:ejective:uvular:voiceless:labialized
	q'w	qʼʷ	conso:ejective:uvular:voiceless:labialized
	q’j	qʼʲ	conso:ejective:uvular:voiceless:palatalized
	q'j	qʼʲ	conso:ejective:uvular:voiceless:palatalized
	k'	kʼ	conso:ejective:velar:voiceless:plain
	k’	kʼ	conso:ejective:velar:voiceless:plain
	k’w	kʼʷ	conso:ejective:velar:voiceless:labialized
	k'w	kʼʷ	conso:ejective:velar:voiceless:labialized
	k’j	kʼʲ	conso:ejective:velar:voiceless:palatalized
	k'j	kʼʲ	conso:ejective:velar:voiceless:palatalized
	d’kx’	dʼkxʼ	conso:ejective_to_affricate:alveolar_to_velar:voiced_to_voiceless:glottalized
	d'kx'	dʼkxʼ	conso:ejective_to_affricate:alveolar_to_velar:voiced_to_voiceless:glottalized
	t’kx’	tʼkxʼ	conso:ejective_to_affricate:alveolar_to_velar:voiceless:glottalized
	t'kx'	tʼkxʼ	conso:ejective_to_affricate:alveolar_to_velar:voiceless:glottalized
	R	ɾ	conso:flap:alveolar:voiced:plain
	R³	ɾˤ	conso:flap:alveolar:voiced:pharyngealized
	Rj	ɾʲ	conso:flap:alveolar:voiced:palatalized
	n&	ɾ̃	conso:flap:alveolar:voiced:nasalized
	R5	ɾ̪	conso:flap:dental:voiced:plain
	R5³	ɾ̪ˤ	conso:flap:dental:voiced:pharyngealized
	RD	ɾð	conso:flap:interdental:voiced:plain
	vR	vɾ	conso:flap:labiodental:voiced:plain
	R:	ɾˡ	conso:flap:lateral:voiced:plain
	ä	ɺ	conso:flap:lateral:voiced:plain
	}	ɽ	conso:flap:retroflex:voiced:plain
	}H	ɽʰ	conso:flap:retroflex:voiced:aspirated
	}h	ɽʰ	conso:flap:retroflex:voiced:aspirated
	ns	ⁿs	conso:fricative:alveolar:voiceless:prenasalized
	nz	ⁿz	conso:fricative:alveolar:voiced:prenasalized
	S’w	ʃʼʷ	conso:fricative:alveolar:voiceless:glottalized_labialized
	S'w	ʃʼʷ	conso:fricative:alveolar:voiceless:glottalized_labialized
	n8s	n̥s	conso:fricative:alveolar:voiceless:voiceless_prenasalized
	nzw	nzʷ	conso:fricative:alveolar:voiced:labialized_prenasalized
	s	s	conso:fricative:alveolar:voiceless:plain
	ss	sː	conso:fricative:alveolar:voiceless_long:plain
	sÄ	sˠ	conso:fricative:alveolar:voiceless:velarized
	s³	sˤ	conso:fricative:alveolar:voiceless:pharyngealized
	sÖ	sˤ	conso:fricative:alveolar:voiceless:pharyngealized
	sç	sɥ	conso:fricative:alveolar:voiceless:labiopalatalized
	sH	sʰ	conso:fricative:alveolar:voiceless:aspirated
	sW	sʷ	conso:fricative:alveolar:voiceless:labialized
	s'	sʼ	conso:fricative:alveolar:voiceless:glottalized
	s/	sʼ	conso:fricative:alveolar:voiceless:glottalized
	s’	sʼ	conso:fricative:alveolar:voiceless:glottalized
	sJ	sʲ	conso:fricative:alveolar:voiceless:palatalized
	s$	s̀	conso:fricative:alveolar:voiceless:tense
	s&	š	conso:fricative:alveolar:voiceless:trilled
	z	z	conso:fricative:alveolar:voiced:plain
	zÖ	zˤ	conso:fricative:alveolar:voiced:pharyngealized
	z³	zˤ	conso:fricative:alveolar:voiced:pharyngealized
	zW	zʷ	conso:fricative:alveolar:voiced:labialized
	z'	zʼ	conso:fricative:alveolar:voiced:glottalized
	z’	zʼ	conso:fricative:alveolar:voiced:glottalized
	zj	zʲ	conso:fricative:alveolar:voiced:palatalized
	z-	z̤	conso:fricative:alveolar:breathy:plain
	zƒwÄw	zʷ͡ɣw	conso:fricative:alveolar_to_velar:voiced:labialized_labialized
	zƒÄw	z͡ɣw	conso:fricative:alveolar_to_velar:voiced:labialized
	ü	ʑ	conso:fricative:alveolopalatal:voiced:plain
	þ	ɕ	conso:fricative:alveolopalatal:voiceless:plain
	þç	ɕɥ	conso:fricative:alveolopalatal:voiceless:labiopalatalized
	þh	ɕʰ	conso:fricative:alveolopalatal:voiceless:aspirated
	¸	ɸ	conso:fricative:bilabial:voiceless:plain
	mv	v	conso:fricative:bilabial:voiced:prenasalized
	B	β	conso:fricative:bilabial:voiced:plain
	n5z5	n̪z̪	conso:fricative:dental:voiced:prenasalized
	s5	s̪	conso:fricative:dental:voiceless:plain
	s5:	s̪ː	conso:fricative:dental:voiceless_long:plain
	s5Ö	s̪ˤ	conso:fricative:dental:voiceless:pharyngealized
	s5³	s̪ˤ	conso:fricative:dental:voiceless:pharyngealized
	s5Ö:	s̪ˤː	conso:fricative:dental:voiceless_long:pharyngealized
	s5'	s̪ʼ	conso:fricative:dental:voiceless:glottalized
	s5’	s̪ʼ	conso:fricative:dental:voiceless:glottalized
	s5j	s̪ʲ	conso:fricative:dental:voiceless:palatalized
	z5	z̪	conso:fricative:dental:voiced:plain
	z5:	z̪ː	conso:fricative:dental:voiced_long:plain
	z5Ö	z̪ˤ	conso:fricative:dental:voiced:pharyngealized
	z5³	z̪ˤ	conso:fricative:dental:voiced:pharyngealized
	z5Ö:	z̪ˤː	conso:fricative:dental:voiced_long:pharyngealized
	z5j	z̪ʲ	conso:fricative:dental:voiced:palatalized
	s5v	s̪v	conso:fricative:dental_to_labiodental:voiceless_to_voiced:plain
	z5v	z̪v	conso:fricative:dental_to_labiodental:voiced:plain
	ú	ɦ	conso:fricative:glottal:voiced:plain
	új	ɦʷ	conso:fricative:glottal:voiced:labialized
	úw	ɦʲ	conso:fricative:glottal:voiced:palatalized
	ú)	ɦ̃	conso:fricative:glottal:voiced:nasalized
	h	h	conso:fricative:glottal:voiceless:plain
	h³	hˤ	conso:fricative:glottal:voiceless:pharyngealized
	hW	hʷ	conso:fricative:glottal:voiceless:labialized
	hw:	hʷː	conso:fricative:glottal:voiceless_long:labialized
	hJ	hʲ	conso:fricative:glottal:voiceless:palatalized
	h)	h̃	conso:fricative:glottal:voiceless:nasalized
	D	ð	conso:fricative:interdental:voiced:plain
	DÄ	ðˠ	conso:fricative:interdental:voiced:velarized
	DÖ	ðˤ	conso:fricative:interdental:voiced:pharyngealized
	D³	ðˤ	conso:fricative:interdental:voiced:pharyngealized
	Dj	ðʲ	conso:fricative:interdental:voiced:palatalized
	T	θ	conso:fricative:interdental:voiceless:plain
	T'	θʼ	conso:fricative:interdental:voiceless:glottalized
	T’	θʼ	conso:fricative:interdental:voiceless:glottalized
	nD	nð	conso:fricative:interdental:voiced:prenasalized
	M8f	ɱ̥f	conso:fricative:labiodental:voiceless:voiceless_prenasalized
	f	f	conso:fricative:labiodental:voiceless:plain
	f:	fː	conso:fricative:labiodental:voiceless_long:plain
	ff	fː	conso:fricative:labiodental:voiceless_long:plain
	fl	fˡ	conso:fricative:labiodental:voiceless:lateral
	f³	fˤ	conso:fricative:labiodental:voiceless:pharyngealized
	fW	fʷ	conso:fricative:labiodental:voiceless:labialized
	f'	fʼ	conso:fricative:labiodental:voiceless:glottalized
	f’	fʼ	conso:fricative:labiodental:voiceless:glottalized
	fj	fʲ	conso:fricative:labiodental:voiceless:palatalized
	fJ	fʲ	conso:fricative:labiodental:voiceless:palatalized
	mf	f	conso:fricative:labiodental:voiceless:prenasalized
	Mv	v	conso:fricative:labiodental:voiced:prenasalized
	v	v	conso:fricative:labiodental:voiced:plain
	vl	vˡ	conso:fricative:labiodental:voiced:lateral
	v³	vˤ	conso:fricative:labiodental:voiced:pharyngealized
	vh	vʰ	conso:fricative:labiodental:voiced:aspirated
	vW	vʷ	conso:fricative:labiodental:voiced:labialized
	vj	vʲ	conso:fricative:labiodental:voiced:palatalized
	vJ	vʲ	conso:fricative:labiodental:voiced:palatalized
	v-	v̤	conso:fricative:labiodental:breathy:plain
	v8	v̥	conso:fricative:labiodental:devoiced:plain
	v)j	ṽʲ	conso:fricative:labiodental:voiced:nasalized_palatalized
	v)J	ṽʲ	conso:fricative:labiodental:voiced:nasalized_palatalized
	fS	fʃ	conso:fricative:labiodental_to_postalveolar:voiceless:plain
	ÄƒB	ɣ͡β	conso:fricative:labiovelar:voiced:plain
	xƒ¸	x͡ɸ	conso:fricative:labiovelar:voiceless:plain
	s6	s̻	conso:fricative:laminal_alveolar:voiceless:plain
	s6Ö	s̻ˤ	conso:fricative:laminal_alveolar:voiceless:pharyngealized
	z6	z̻	conso:fricative:laminal_alveolar:voiced:plain
	z6Ö	z̻ˤ	conso:fricative:laminal_alveolar:voiced:pharyngealized
	Z6	ʒ̥	conso:fricative:laminal_postalveolar:voiced:plain
	Z6w	ʒ̥ʷ	conso:fricative:laminal_postalveolar:voiced:labialized
	S6w	ʃ̥ʷ	conso:fricative:laminal_postalveolar:voiceless:labialized
	nÂ	ⁿɬ	conso:fricative:lateral:voiceless:prenasalized
	nL	ⁿɮ	conso:fricative:lateral:voiced:prenasalized
	Â	ɬ	conso:fricative:lateral:voiceless:plain
	Âw	ɬʷ	conso:fricative:lateral:voiceless:labialized
	Â'	ɬʼ	conso:fricative:lateral:voiceless:glottalized
	Â/	ɬʼ	conso:fricative:lateral:voiceless:glottalized
	Â’	ɬʼ	conso:fricative:lateral:voiceless:glottalized
	Â$	ɬ̀	conso:fricative:lateral:voiceless:tense
	L	ɮ	conso:fricative:lateral:voiced:plain
	mÂ	ɬ	conso:fricative:lateral:voiceless:labial_prenasalized
	C	ç	conso:fricative:palatal:voiceless:plain
	Cw	çʷ	conso:fricative:palatal:voiceless:labialized
	Æ	ʝ	conso:fricative:palatal:voiced:plain
	Æ'	ʝʼ	conso:fricative:palatal:voiced:glottalized
	Æ’	ʝʼ	conso:fricative:palatal:voiced:glottalized
	ð	ħ	conso:fricative:pharyngeal:voiceless:plain
	ðw	ħʷ	conso:fricative:pharyngeal:voiceless:labialized
	Ö	ʕ	conso:fricative:pharyngeal:voiced:plain
	Öw	ʕʷ	conso:fricative:pharyngeal:voiced:labialized
	Ö'	ʕʼ	conso:fricative:pharyngeal:voiced:glottalized
	Ö’	ʕʼ	conso:fricative:pharyngeal:voiced:glottalized
	Ö’w	ʕʼʷ	conso:fricative:pharyngeal:voiced:glottalized_labialized
	Ö'w	ʕʼʷ	conso:fricative:pharyngeal:voiced:glottalized_labialized
	øZ	ⁿʒ	conso:fricative:postalveolar:voiced:prenasalized
	nZ	ⁿʒ	conso:fricative:postalveolar:voiced:prenasalized
	øS	ⁿʃ	conso:fricative:postalveolar:voiceless:prenasalized
	Z	ʒ	conso:fricative:postalveolar:voiced:plain
	Z:	ʒː	conso:fricative:postalveolar:voiced_long:plain
	Zʰ	ʒʰ	conso:fricative:postalveolar:voiced:aspirated
	Zh	ʒʰ	conso:fricative:postalveolar:voiced:aspirated
	Zw	ʒʷ	conso:fricative:postalveolar:voiced:labialized
	ZW	ʒʷ	conso:fricative:postalveolar:voiced:labialized
	Zj	ʒʲ	conso:fricative:postalveolar:voiced:palatalized
	Z_	ʒ̤	conso:fricative:postalveolar:breathy:plain
	ø8S	ɲ̥ʃ	conso:fricative:postalveolar:voiceless:voiceless_prenasalized
	S	ʃ	conso:fricative:postalveolar:voiceless:plain
	S:	ʃː	conso:fricative:postalveolar:voiceless_long:plain
	SS	ʃː	conso:fricative:postalveolar:voiceless_long:plain
	SW	ʃʷ	conso:fricative:postalveolar:voiceless:labialized
	S'	ʃʼ	conso:fricative:postalveolar:voiceless:glottalized
	S’	ʃʼ	conso:fricative:postalveolar:voiceless:glottalized
	Sj	ʃʲ	conso:fricative:postalveolar:voiceless:palatalized
	S$	ʃ̀	conso:fricative:postalveolar:voiceless:tense
	mS	ʃ	conso:fricative:postalveolar:voiceless:labial_prenasalized
	ZƒÄw	ʒ͡ɣw	conso:fricative:postalveolar_to_velar:voiced:labialized
	n2s2	n̞s̞	conso:fricative:retracted_alveolar:voiceless:prenasalized
	s2	s̞	conso:fricative:retracted_alveolar:voiceless:plain
	½	ʐ	conso:fricative:retroflex:voiced:plain
	§	ʂ	conso:fricative:retroflex:voiceless:plain
	§h	ʂʰ	conso:fricative:retroflex:voiceless:aspirated
	Ò	ʁ	conso:fricative:uvular:voiced:plain
	Ò:	ʁː	conso:fricative:uvular:voiced_long:plain
	Ò³	ʁˤ	conso:fricative:uvular:voiced:pharyngealized
	Ò³w	ʁˤʷ	conso:fricative:uvular:voiced:pharyngealized_labialized
	Òw	ʁʷ	conso:fricative:uvular:voiced:labialized
	Òj	ʁʲ	conso:fricative:uvular:voiced:palatalized
	X	χ	conso:fricative:uvular:voiceless:plain
	X:	χː	conso:fricative:uvular:voiceless_long:plain
	X³	χˤ	conso:fricative:uvular:voiceless:pharyngealized
	X³w	χˤʷ	conso:fricative:uvular:voiceless:pharyngealized_labialized
	Xw	χʷ	conso:fricative:uvular:voiceless:labialized
	Xj	χʲ	conso:fricative:uvular:voiceless:palatalized
	X$	χ̀	conso:fricative:uvular:voiceless:tense
	X$w	χ̀ʷ	conso:fricative:uvular:voiceless:labialized_tense
	Ä	ɣ	conso:fricative:velar:voiced:plain
	g&	ɣː	conso:fricative:velar:voiced_long:plain
	Äh	ɣʰ	conso:fricative:velar:voiced:aspirated
	Äw	ɣʷ	conso:fricative:velar:voiced:labialized
	Ä'	ɣʼ	conso:fricative:velar:voiced:glottalized
	Ä’	ɣʼ	conso:fricative:velar:voiced:glottalized
	Äj	ɣʲ	conso:fricative:velar:voiced:palatalized
	Ä$	ɣ̀	conso:fricative:velar:voiced:tense
	x	x	conso:fricative:velar:voiceless:plain
	x:	xː	conso:fricative:velar:voiceless_long:plain
	xh	xʰ	conso:fricative:velar:voiceless:aspirated
	xw	xʷ	conso:fricative:velar:voiceless:labialized
	x'	xʼ	conso:fricative:velar:voiceless:glottalized
	x’	xʼ	conso:fricative:velar:voiceless:glottalized
	xj	xʲ	conso:fricative:velar:voiceless:palatalized
	xJ	xʲ	conso:fricative:velar:voiceless:palatalized
	x$	x̀	conso:fricative:velar:voiceless:tense
	x$w	x̀ʷ	conso:fricative:velar:voiceless:labialized_tense
	StS	ʃtʃ	conso:fricative_to_affricate:postalveolar:voiceless:plain
	sƒkw	s͡kʷ	conso:fricative_to_stop:alveolar_to_velar:voiceless:labialized
	sƒwkw	s͡kʷ	conso:fricative_to_stop:alveolar_to_velar:voiceless:labialized
	Sƒkw	ʃ͡kʷ	conso:fricative_to_stop:postalveolar_to_velar:voiceless:labialized
	ë	ɗ	conso:implosive:alveolar:voiced:plain
	ëW	ɗʷ	conso:implosive:alveolar:voiced:labialized
	º	ɓ	conso:implosive:bilabial:voiced:plain
	ºW	ɓʷ	conso:implosive:bilabial:voiced:labialized
	¹	ɓ̥	conso:implosive:bilabial:voiceless:plain
	º¥ì	ɓ̥ˠ	conso:implosive:bilabial:voiceless:velarized
	ë5	ɗ̪	conso:implosive:dental:voiced:plain
	©ƒº	ɠ͡ɓ	conso:implosive:labiovelar:voiced:plain
	×	ʄ	conso:implosive:palatal:voiced:plain
	‚	ʄ̥	conso:implosive:palatal:voiceless:plain
	ÿej	ɖ˞	conso:implosive:retroflex:voiceless:plain
	ý	ʛ	conso:implosive:uvular:voiced:plain
	©	ɠ	conso:implosive:velar:voiced:plain
	©w	ɠʷ	conso:implosive:velar:voiced:labialized
	©j	ɠʲ	conso:implosive:velar:voiced:palatalized
	Ï8	ɠ̥	conso:implosive:velar:voiceless:plain
	ëZ	ɗʒ	conso:implosive_affricate:postalveolar:voiced:plain
	l+	l̟	conso:lateral_approximant:advanced_lateral:voiced:plain
	l+j	l̟ʲ	conso:lateral_approximant:advanced_lateral:voiced:palatalized
	l+J	l̟ʲ	conso:lateral_approximant:advanced_lateral:voiced:palatalized
	l5	l̪	conso:lateral_approximant:dental:voiced:plain
	l5:	l̪ː	conso:lateral_approximant:dental:voiced_long:plain
	l5Ö	l̪ˤ	conso:lateral_approximant:dental:voiced:pharyngealized
	l5³	l̪ˤ	conso:lateral_approximant:dental:voiced:pharyngealized
	l5Ö:	l̪ˤː	conso:lateral_approximant:dental:voiced_long:pharyngealized
	l5h	l̪ʰ	conso:lateral_approximant:dental:voiced:aspirated
	l5'	l̪ʼ	conso:lateral_approximant:dental:voiced:glottalized
	l5’	l̪ʼ	conso:lateral_approximant:dental:voiced:glottalized
	l5j	l̪ʲ	conso:lateral_approximant:dental:voiced:palatalized
	/l	ʔl	conso:lateral_approximant:lateral:voiced:preglottalized
	‘l	ʔl	conso:lateral_approximant:lateral:voiced:preglottalized
	medl	l	conso:lateral_approximant:lateral:voiced:labial_prenasalized
	l	l	conso:lateral_approximant:lateral:voiced:plain
	l:	lː	conso:lateral_approximant:lateral:voiced_long:plain
	ll	lː	conso:lateral_approximant:lateral:voiced_long:plain
	É	lˠ	conso:lateral_approximant:lateral:voiced:velarized
	lÄ	lˠ	conso:lateral_approximant:lateral:voiced:velarized
	Éw	lˠʷ	conso:lateral_approximant:lateral:voiced:labialized_velarized
	lÖ	lˤ	conso:lateral_approximant:lateral:voiced:pharyngealized
	lç	lɥ	conso:lateral_approximant:lateral:voiced:labiopalatalized
	lH	lʰ	conso:lateral_approximant:lateral:voiced:aspirated
	lW	lʷ	conso:lateral_approximant:lateral:voiced:labialized
	l'	lʼ	conso:lateral_approximant:lateral:voiced:glottalized
	l’	lʼ	conso:lateral_approximant:lateral:voiced:glottalized
	lJ	lʲ	conso:lateral_approximant:lateral:voiced:palatalized
	l-	l̤	conso:lateral_approximant:lateral:breathy:plain
	l8	l̥	conso:lateral_approximant:lateral:voiceless:plain
	l8H	l̥ʰ	conso:lateral_approximant:lateral:voiceless:aspirated
	l`	l̩	conso:lateral_approximant:lateral:voiced:syllabic
	l)	l̃	conso:lateral_approximant:lateral:voiced:nasalized
	´	ʎ	conso:lateral_approximant:palatal:voiced:plain
	´8	ʎ̥	conso:lateral_approximant:palatal:voiceless:plain
	ñ	ɭ	conso:lateral_approximant:retroflex:voiced:plain
	l5T	l̪θ	conso:lateral_approximant_to_fricative:dental:voiced_to_voiceless:plain
	o9	o̯	conso:mid_approximant:labiovelar:voiced:plain
	e9	e̯	conso:mid_approximant:palatal:voiced:plain
	n+	n̟	conso:nasal:advanced_alveolar:voiced:plain
	n+’	n̟ʲ	conso:nasal:advanced_alveolar:voiced:palatalized
	n+J	n̟ʲ	conso:nasal:advanced_alveolar:voiced:palatalized
	/n	ʔn	conso:nasal:alveolar:voiced:preglottalized
	‘n	ʔn	conso:nasal:alveolar:voiced:preglottalized
	n	n	conso:nasal:alveolar:voiced:plain
	n'	n’	conso:nasal:alveolar:voiced:glottalized
	n/	n’	conso:nasal:alveolar:voiced:glottalized
	n’	n’	conso:nasal:alveolar:voiced:glottalized
	n:	nː	conso:nasal:alveolar:voiced_long:plain
	nn	nː	conso:nasal:alveolar:voiced_long:plain
	nÖ	nˤ	conso:nasal:alveolar:voiced:pharyngealized
	n³	nˤ	conso:nasal:alveolar:voiced:pharyngealized
	nÖ:	nˤː	conso:nasal:alveolar:voiced_long:pharyngealized
	nH	nʰ	conso:nasal:alveolar:voiced:aspirated
	nW	nʷ	conso:nasal:alveolar:voiced:labialized
	nJ	nʲ	conso:nasal:alveolar:voiced:palatalized
	ny	nʲ	conso:nasal:alveolar:voiced:palatalized
	n%	n̏	conso:nasal:alveolar:voiced:heavy
	næ	n̂	conso:nasal:alveolar:voiced:lax
	n-	n̤	conso:nasal:alveolar:breathy:plain
	n8	n̥	conso:nasal:alveolar:voiceless:plain
	n`	n̩	conso:nasal:alveolar:voiced:syllabic
	nƒNw	nŋw	conso:nasal:alveolar_to_velar:voiced:labialized
	/m	ʔm	conso:nasal:bilabial:voiced:preglottalized
	‘m	ʔm	conso:nasal:bilabial:voiced:preglottalized
	m	m	conso:nasal:bilabial:voiced:plain
	m<	m<	conso:nasal:bilabial:voiced:pulmonic_ingressive
	m:	mː	conso:nasal:bilabial:voiced_long:plain
	mm	mː	conso:nasal:bilabial:voiced_long:plain
	mì	mˠ	conso:nasal:bilabial:voiced:velarized
	ml	mˡ	conso:nasal:bilabial:voiced:lateral
	m³	mˤ	conso:nasal:bilabial:voiced:pharyngealized
	mH	mʰ	conso:nasal:bilabial:voiced:aspirated
	mW	mʷ	conso:nasal:bilabial:voiced:labialized
	m'	mʼ	conso:nasal:bilabial:voiced:glottalized
	m/	mʼ	conso:nasal:bilabial:voiced:glottalized
	m’	mʼ	conso:nasal:bilabial:voiced:glottalized
	mJ	mʲ	conso:nasal:bilabial:voiced:palatalized
	m%	m̏	conso:nasal:bilabial:voiced:heavy
	mæ	m̂	conso:nasal:bilabial:voiced:lenis
	m-	m̤	conso:nasal:bilabial:breathy:plain
	m8	m̥	conso:nasal:bilabial:voiceless:plain
	m8H	m̥ʰ	conso:nasal:bilabial:voiceless:aspirated
	m`	m̩	conso:nasal:bilabial:voiced:syllabic
	nnl	mnl	conso:nasal:bilabial_to_alveolar:voiced:lateral
	mƒN	m͡ŋ	conso:nasal:bilabial_to_velar:voiced:plain
	n5	n̪	conso:nasal:dental:voiced:plain
	n5:	n̪ː	conso:nasal:dental:voiced_long:plain
	n5h	n̪ʰ	conso:nasal:dental:voiced:aspirated
	n5'	n̪ʼ	conso:nasal:dental:voiced:glottalized
	n5’	n̪ʼ	conso:nasal:dental:voiced:glottalized
	n5j	n̪ʲ	conso:nasal:dental:voiced:palatalized
	Nƒm	ŋ͡m	conso:nasal:labiovelar:voiced:plain
	Nm	ŋ͡m	conso:nasal:labiovelar:voiced:plain
	Nƒmj	ŋ͡mʲ	conso:nasal:labiovelar:voiced:palatalized
	Nmj	ŋ͡mʲ	conso:nasal:labiovelar:voiced:palatalized
	n6	n̻	conso:nasal:laminal_alveolar:voiced:plain
	ø	ɲ	conso:nasal:palatal:voiced:plain
	ø:	ɲː	conso:nasal:palatal:voiced_long:plain
	øç	ɲɥ	conso:nasal:palatal:voiced:labiopalatalized
	øH	ɲʰ	conso:nasal:palatal:voiced:aspirated
	ø8	ɲ̥	conso:nasal:palatal:voiceless:plain
	ø¥	ɲ̥	conso:nasal:palatal:voiceless:plain
	ø8H	ɲ̥ʰ	conso:nasal:palatal:voiceless:aspirated
	mø	ɲ	conso:nasal:palatal:voiced:labial_prenasalized
	øƒn5	ɲ͡n̪	conso:nasal:palatal_to_dental:voiced:plain
	øƒN	ɲ͡ŋ	conso:nasal:palatal_to_velar:voiced:plain
	øƒNw	ɲ͡ŋw	conso:nasal:palatal_to_velar:voiced:labialized
	N?	N?	conso:nasal:placeless:voiced:plain
	N1	N̩	conso:nasal:placeless:voiced:syllabic
	n2	n̞	conso:nasal:retracted_alveolar:voiced:plain
	÷	ɳ	conso:nasal:retroflex:voiced:plain
	÷w	ɳʷ	conso:nasal:retroflex:voiced:labialized
	²	ɴ	conso:nasal:uvular:voiced:plain
	²'	ɴʼ	conso:nasal:uvular:voiced:glottalized
	²’	ɴʼ	conso:nasal:uvular:voiced:glottalized
	N	ŋ	conso:nasal:velar:voiced:plain
	N:	ŋː	conso:nasal:velar:voiced_long:plain
	NN	ŋː	conso:nasal:velar:voiced_long:plain
	NH	ŋʰ	conso:nasal:velar:voiced:aspirated
	NW	ŋʷ	conso:nasal:velar:voiced:labialized
	N'	ŋʼ	conso:nasal:velar:voiced:glottalized
	N/	ŋʼ	conso:nasal:velar:voiced:glottalized
	N’	ŋʼ	conso:nasal:velar:voiced:glottalized
	N8	ŋ̥	conso:nasal:velar:voiceless:plain
	N8H	ŋ̥ʰ	conso:nasal:velar:voiceless:aspirated
	Bm	βm	conso:nasal_spirant:bilabial:voiced:plain
	mB	mβ	conso:nasal_spirant:bilabial:voiced:plain
	Dn	ðn	conso:nasal_spirant:interdental:voiceless:plain
	nd	ⁿd	conso:stop:alveolar:voiced:prenasalized
	ndW	ⁿdʷ	conso:stop:alveolar:voiced:labialized_prenasalized
	ndJ	ⁿdʲ	conso:stop:alveolar:voiced:palatalized_prenasalized
	nt	ⁿt	conso:stop:alveolar:voiceless:prenasalized
	nth	ⁿtʰ	conso:stop:alveolar:voiceless:aspirated_prenasalized
	ntH	ⁿtʰ	conso:stop:alveolar:voiceless:aspirated_prenasalized
	N&	ŋtw	conso:stop:alveolar:voiceless:labialized_velar_prenasalized
	d	d	conso:stop:alveolar:voiced:plain
	dÄ	dˠ	conso:stop:alveolar:voiced:velarized
	dÖ	dˤ	conso:stop:alveolar:voiced:pharyngealized
	d³	dˤ	conso:stop:alveolar:voiced:pharyngealized
	d³?	dˤ	conso:stop:alveolar:voiced:pharyngealized
	dH	dʰ	conso:stop:alveolar:voiced:aspirated
	dh	dʰ	conso:stop:alveolar:voiced:aspirated
	dW	dʷ	conso:stop:alveolar:voiced:labialized
	dj	dʲ	conso:stop:alveolar:voiced:palatalized
	dJ	dʲ	conso:stop:alveolar:voiced:palatalized
	dy	dʲ	conso:stop:alveolar:voiced:palatalized
	d%	d̏	conso:stop:alveolar:voiced:heavy
	dæ	d̂	conso:stop:alveolar:voiced:lenis
	d8	d̥	conso:stop:alveolar:devoiced:plain
	d$	d̀	conso:stop:alveolar:voiced:tense
	/d	ʔd	conso:stop:alveolar:voiced:preglottalized
	‘d	ʔd	conso:stop:alveolar:voiced:preglottalized
	‘t	ʔt	conso:stop:alveolar:voiceless:preglottalized
	md	d	conso:stop:alveolar:voiced:labial_prenasalized
	mt	t	conso:stop:alveolar:voiceless:labial_prenasalized
	nd8	nd̥	conso:stop:alveolar:devoiced:prenasalized
	t	t	conso:stop:alveolar:voiceless:plain
	tn	tⁿ	conso:stop:alveolar:voiceless:postnasalized
	tt	tː	conso:stop:alveolar:voiceless_long:plain
	tÄ	tˠ	conso:stop:alveolar:voiceless:velarized
	tú	tɦ	conso:stop:alveolar:voiceless:voiced_aspirated
	tÖ	tˤ	conso:stop:alveolar:voiceless:pharyngealized
	t³	tˤ	conso:stop:alveolar:voiceless:pharyngealized
	tH	tʰ	conso:stop:alveolar:voiceless:aspirated
	tHW	tʰʷ	conso:stop:alveolar:voiceless:aspirated_labialized
	tW	tʷ	conso:stop:alveolar:voiceless:labialized
	tJ	tʲ	conso:stop:alveolar:voiceless:palatalized
	tjh	tʲʰ	conso:stop:alveolar:voiceless:aspirated_palatalized
	tj'	tʲʼ	conso:stop:alveolar:voiceless:glottalized_palatalized
	tj’	tʲʼ	conso:stop:alveolar:voiceless:glottalized_palatalized
	tæ	t̂	conso:stop:alveolar:voiceless:lenis
	t$	t̀	conso:stop:alveolar:voiceless:tense
	tr	tr	conso:stop:alveolar:voiceless:rhotic
	b	b	conso:stop:bilabial:voiced:plain
	b+	b*	conso:stop:bilabial:voiced:lax
	b:	bː	conso:stop:bilabial:voiced_long:plain
	bl	bˡ	conso:stop:bilabial:voiced:lateral
	b³	bˤ	conso:stop:bilabial:voiced:pharyngealized
	bH	bʰ	conso:stop:bilabial:voiced:aspirated
	bh	bʰ	conso:stop:bilabial:voiced:aspirated
	bW	bʷ	conso:stop:bilabial:voiced:labialized
	b'	bʼ	conso:stop:bilabial:voiced:glottalized
	b’	bʼ	conso:stop:bilabial:voiced:glottalized
	bJ	bʲ	conso:stop:bilabial:voiced:palatalized
	bj	bʲ	conso:stop:bilabial:voiced:palatalized
	by	bʲ	conso:stop:bilabial:voiced:palatalized
	b%	b̏	conso:stop:bilabial:voiced:heavy
	bæ	b̂	conso:stop:bilabial:voiced:lenis
	b8	b̥	conso:stop:bilabial:devoiced:plain
	b$	b̀	conso:stop:bilabial:voiced:tense
	/b	ʔb	conso:stop:bilabial:voiced:preglottalized
	‘b	ʔb	conso:stop:bilabial:voiced:preglottalized
	‘p	ʔp	conso:stop:bilabial:voiceless:preglottalized
	Nb	b	conso:stop:bilabial:voiced:velar_prenasalized
	mb	b	conso:stop:bilabial:voiced:prenasalized
	mbW	bʷ	conso:stop:bilabial:voiced:labialized_prenasalized
	mbJ	bʲ	conso:stop:bilabial:voiced:palatalized_prenasalized
	mp	p	conso:stop:bilabial:voiceless:prenasalized
	mph	pʰ	conso:stop:bilabial:voiceless:aspirated_prenasalized
	mpH	pʰ	conso:stop:bilabial:voiceless:aspirated_prenasalized
	mp'	pʼ	conso:stop:bilabial:voiceless:glottalized_prenasalized
	mp’	pʼ	conso:stop:bilabial:voiceless:glottalized_prenasalized
	mb8	mb̥	conso:stop:bilabial:devoiced:prenasalized
	p	p	conso:stop:bilabial:voiceless:plain
	p+	p*	conso:stop:bilabial:voiceless:lax
	p:	pː	conso:stop:bilabial:voiceless_long:plain
	pp	pː	conso:stop:bilabial:voiceless_long:plain
	pì	pˠ	conso:stop:bilabial:voiceless:velarized
	pl	pˡ	conso:stop:bilabial:voiceless:lateral
	pú	pɦ	conso:stop:bilabial:voiceless:voiced_aspirated
	pÖ	pˤ	conso:stop:bilabial:voiceless:pharyngealized
	p³	pˤ	conso:stop:bilabial:voiceless:pharyngealized
	pH	pʰ	conso:stop:bilabial:voiceless:aspirated
	phw	pʰʷ	conso:stop:bilabial:voiceless:aspirated_labialized
	pHW	pʰʷ	conso:stop:bilabial:voiceless:aspirated_labialized
	pW	pʷ	conso:stop:bilabial:voiceless:labialized
	pw'	pʷʼ	conso:stop:bilabial:voiceless:glottalized_labialized
	pw’	pʷʼ	conso:stop:bilabial:voiceless:glottalized_labialized
	pJ	pʲ	conso:stop:bilabial:voiceless:palatalized
	pJH	pʲʰ	conso:stop:bilabial:voiceless:aspirated_palatalized
	pm	p	conso:stop:bilabial:voiceless:postnasalized
	p$	p̀	conso:stop:bilabial:voiceless:tense
	bƒd	b͡d	conso:stop:bilabial_to_alveolar:voiced:plain
	pƒt	p͡t	conso:stop:bilabial_to_alveolar:voiceless:plain
	bƒg	b͡ɡ	conso:stop:bilabial_to_velar:voiced:plain
	pƒk	p͡k	conso:stop:bilabial_to_velar:voiceless:plain
	n5d5	ⁿd̪	conso:stop:dental:voiced:prenasalized
	nd5	ⁿd̪	conso:stop:dental:voiced:prenasalized
	d5	d̪	conso:stop:dental:voiced:plain
	d5:	d̪ː	conso:stop:dental:voiced_long:plain
	d5Ö	d̪ˤ	conso:stop:dental:voiced:pharyngealized
	d5³	d̪ˤ	conso:stop:dental:voiced:pharyngealized
	d5Ö:	d̪ˤː	conso:stop:dental:voiced_long:pharyngealized
	d5H	d̪ʰ	conso:stop:dental:voiced:aspirated
	d5j	d̪ʲ	conso:stop:dental:voiced:palatalized
	n5t5	n̪t̪	conso:stop:dental:voiceless:prenasalized
	t5	t̪	conso:stop:dental:voiceless:plain
	t5n5	t̪ⁿ	conso:stop:dental:voiceless:postnasalized
	t5:	t̪ː	conso:stop:dental:voiceless_long:plain
	t5Ö	t̪ˤ	conso:stop:dental:voiceless:pharyngealized
	t5³	t̪ˤ	conso:stop:dental:voiceless:pharyngealized
	t5Ö:	t̪ˤː	conso:stop:dental:voiceless_long:pharyngealized
	t5H	t̪ʰ	conso:stop:dental:voiceless:aspirated
	t5w	t̪ʷ	conso:stop:dental:voiceless:labialized
	t5j	t̪ʲ	conso:stop:dental:voiceless:palatalized
	t$5	t̪̀	conso:stop:dental:voiceless:tense
	t5$	t̪̀	conso:stop:dental:voiceless:tense
	t5ƒc	t̪͡c	conso:stop:dental_to_palatal:voiceless:plain
	t5ƒk	t̪͡k	conso:stop:dental_to_velar:voiceless:plain
	/	ʔ	conso:stop:glottal:voiceless:plain
	/³	ʔˤ	conso:stop:glottal:voiceless:pharyngealized
	/w	ʔʷ	conso:stop:glottal:voiceless:labialized
	gƒb	ɡ͡b	conso:stop:labiovelar:voiced:plain
	gƒbw	ɡ͡bʷ	conso:stop:labiovelar:voiced:labialized
	gƒbj	ɡ͡bʲ	conso:stop:labiovelar:voiced:palatalized
	gƒp	ɡ͡p	conso:stop:labiovelar:voiced_to_voiceless:plain
	gæƒbæ	ɡ̂͡b̂	conso:stop:labiovelar:voiced:lenis
	Ngƒb	ɡ͡b	conso:stop:labiovelar:voiced:velar_prenasalized
	Nƒmgƒb	ɡ͡b	conso:stop:labiovelar:voiced:prenasalized
	Nmgƒb	ɡ͡b	conso:stop:labiovelar:voiced:prenasalized
	mgƒb	ɡ͡b	conso:stop:labiovelar:voiced:labial_prenasalized
	mkƒp	k͡p	conso:stop:labiovelar:voiceless:labial_prenasalized
	kƒp	k͡p	conso:stop:labiovelar:voiceless:plain
	kp	k͡p	conso:stop:labiovelar:voiceless:plain
	kƒpw	k͡pʷ	conso:stop:labiovelar:voiceless:labialized
	kƒpj	k͡pʲ	conso:stop:labiovelar:voiceless:palatalized
	kæƒpæ	k̂͡p̂	conso:stop:labiovelar:voiceless:lenis
	pƒkh	p͡kʰ	conso:stop:labiovelar:voiceless:aspirated
	d6	d̻	conso:stop:laminal_alveolar:voiced:plain
	ndl	ⁿdl	conso:stop:lateral:voiced:prenasalized
	ndl'	ⁿdlʼ	conso:stop:lateral:voiced:glottalized_prenasalized
	ndl’	ⁿdlʼ	conso:stop:lateral:voiced:glottalized_prenasalized
	dl	dl	conso:stop:lateral:voiced:plain
	tl	tl	conso:stop:lateral:voiceless:plain
	tlh	tlʰ	conso:stop:lateral:voiceless:aspirated
	tl'	tlʼ	conso:stop:lateral:voiceless:glottalized
	tl’	tlʼ	conso:stop:lateral:voiceless:glottalized
	øc	ⁿc	conso:stop:palatal:voiceless:prenasalized
	nc	ⁿc	conso:stop:palatal:voiceless:prenasalized
	øï	ⁿɟ	conso:stop:palatal:voiced:prenasalized
	nï	ⁿɟ	conso:stop:palatal:voiced:prenasalized
	c	c	conso:stop:palatal:voiceless:plain
	c³	cˤ	conso:stop:palatal:voiceless:pharyngealized
	cH	cʰ	conso:stop:palatal:voiceless:aspirated
	cw	cʷ	conso:stop:palatal:voiceless:labialized
	cø	c	conso:stop:palatal:voiceless:postnasalized
	ï	ɟ	conso:stop:palatal:voiced:plain
	ïh	ɟʰ	conso:stop:palatal:voiced:aspirated
	ïw	ɟʷ	conso:stop:palatal:voiced:labialized
	ï*	ɟ̥	conso:stop:palatal:devoiced:plain
	Nc	c	conso:stop:palatal:voiceless:velar_prenasalized
	÷ê	ⁿɖ	conso:stop:retroflex:voiced:prenasalized
	ê	ɖ	conso:stop:retroflex:voiced:plain
	ÿ	ʈ	conso:stop:retroflex:voiceless:plain
	ÿ÷	ʈⁿ	conso:stop:retroflex:voiceless:postnasalized
	ÿH	ʈʰ	conso:stop:retroflex:voiceless:aspirated
	ÿh	ʈʰ	conso:stop:retroflex:voiceless:aspirated
	ÿ}	ʈɽ	conso:stop:retroflex:voiceless:rhotic
	ÿj	ʈʲ	conso:stop:retroflex:voiceless:palatalized
	ÿjh	ʈʲʰ	conso:stop:retroflex:voiceless:aspirated_palatalized
	÷ê}	ɳɖɽ	conso:stop:retroflex:voiced:prenasalized_rhotic
	êH	ɖʰ	conso:stop:retroflex:voiced:aspirated
	êh	ɖʰ	conso:stop:retroflex:voiced:aspirated
	ê}	ɖɽ	conso:stop:retroflex:voiced:rhotic
	êj	ɖʲ	conso:stop:retroflex:voiced:palatalized
	G	ɢ	conso:stop:uvular:voiced:plain
	G³	ɢˤ	conso:stop:uvular:voiced:pharyngealized
	q	q	conso:stop:uvular:voiceless:plain
	q:	qː	conso:stop:uvular:voiceless_long:plain
	q³	qˤ	conso:stop:uvular:voiceless:pharyngealized
	q³w	qˤʷ	conso:stop:uvular:voiceless:pharyngealized_labialized
	q³'	qˤʼ	conso:stop:uvular:voiceless:pharyngealized_glottalized
	q³’	qˤʼ	conso:stop:uvular:voiceless:pharyngealized_glottalized
	qH	qʰ	conso:stop:uvular:voiceless:aspirated
	qhw	qʰʷ	conso:stop:uvular:voiceless:aspirated_labialized
	qw	qʷ	conso:stop:uvular:voiceless:labialized
	qw:	qʷː	conso:stop:uvular:voiceless_long:labialized
	qw'	qʷʼ	conso:stop:uvular:voiceless:glottalized_labialized
	qw’	qʷʼ	conso:stop:uvular:voiceless:glottalized_labialized
	qj	qʲ	conso:stop:uvular:voiceless:palatalized
	ngW	ⁿɡʷ	conso:stop:velar:voiced:labialized_prenasalized
	nk	ⁿk	conso:stop:velar:voiced:alveolar_prenasalized
	Ng*	ŋɡ̥	conso:stop:velar:devoiced:prenasalized
	g	ɡ	conso:stop:velar:voiced:plain
	g:	ɡː	conso:stop:velar:voiced_long:plain
	g³	ɡˤ	conso:stop:velar:voiced:pharyngealized
	gH	ɡʰ	conso:stop:velar:voiced:aspirated
	gW	ɡʷ	conso:stop:velar:voiced:labialized
	gw:	ɡʷː	conso:stop:velar:voiced_long:labialized
	gJ	ɡʲ	conso:stop:velar:voiced:palatalized
	gæ	ɡ̂	conso:stop:velar:voiced:lenis
	g*	ɡ̥	conso:stop:velar:devoiced:plain
	‘k	ʔk	conso:stop:velar:voiceless:preglottalized
	Nï	ɡ	conso:stop:velar:voiced:prenasalized
	Ng	ɡ	conso:stop:velar:voiced:prenasalized
	Ngw	ɡʷ	conso:stop:velar:voiced:labialized_prenasalized
	Nk	k	conso:stop:velar:voiceless:prenasalized
	NkH	kʰ	conso:stop:velar:voiceless:aspirated_prenasalized
	mg	ɡ	conso:stop:velar:voiced:labial_prenasalized
	k	k	conso:stop:velar:voiceless:plain
	k:	kː	conso:stop:velar:voiceless_long:plain
	kk	kː	conso:stop:velar:voiceless_long:plain
	k³	kˤ	conso:stop:velar:voiceless:pharyngealized
	kH	kʰ	conso:stop:velar:voiceless:aspirated
	kHW	kʰʷ	conso:stop:velar:voiceless:aspirated_labialized
	kWH	kʰʷ	conso:stop:velar:voiceless:aspirated_labialized
	kJH	kʰʲ	conso:stop:velar:voiceless:aspirated_palatalized
	kW	kʷ	conso:stop:velar:voiceless:labialized
	kw:	kʷː	conso:stop:velar:voiceless_long:labialized
	kwú	kʷɦ	conso:stop:velar:voiceless:labialized_voiced_aspirated
	kw'	kʷʼ	conso:stop:velar:voiceless:glottalized_labialized
	kw’	kʷʼ	conso:stop:velar:voiceless:glottalized_labialized
	kJ	kʲ	conso:stop:velar:voiceless:palatalized
	kæ	k̂	conso:stop:velar:voiceless:lenis
	kN	k	conso:stop:velar:voiceless:postnasalized
	k$	k̀	conso:stop:velar:voiceless:tense
	k$w	k̀ʷ	conso:stop:velar:voiceless:labialized_tense
	kl'	klʼ	conso:stop:velar:voiceless:glottalized_lateral
	kl’	klʼ	conso:stop:velar:voiceless:glottalized_lateral
	bƒdz	b͡dz	conso:stop_to_affricate:bilabial_to_alveolar:voiced:plain
	pƒts	p͡ts	conso:stop_to_affricate:bilabial_to_alveolar:voiceless:plain
	bƒdZ	b͡dʒ	conso:stop_to_affricate:bilabial_to_postalveolar:voiced:plain
	bƒtS	b͡tʃ	conso:stop_to_affricate:bilabial_to_postalveolar:voiced_to_voiceless:plain
	bƒë	b͡ɗ	conso:stop_to_implosive:bilabial_to_alveolar:voiced:plain
	gƒº	ɡ͡ɓ	conso:stop_to_implosive:labiovelar:voiced:plain
	r+	r̟	conso:trill:advanced_alveolar:voiced:plain
	r+j	r̟ʲ	conso:trill:advanced_alveolar:voiced:palatalized
	r+J	r̟ʲ	conso:trill:advanced_alveolar:voiced:palatalized
	nr	ⁿr	conso:trill:alveolar:voiced:prenasalized
	r	r	conso:trill:alveolar:voiced:plain
	r:	rː	conso:trill:alveolar:voiced_long:plain
	rr	rː	conso:trill:alveolar:voiced_long:plain
	rÖ	rˤ	conso:trill:alveolar:voiced:pharyngealized
	rÖ:	rˤː	conso:trill:alveolar:voiced_long:pharyngealized
	rH	rʰ	conso:trill:alveolar:voiced:aspirated
	rW	rʷ	conso:trill:alveolar:voiced:labialized
	r'	rʼ	conso:trill:alveolar:voiced:glottalized
	r’	rʼ	conso:trill:alveolar:voiced:glottalized
	rJ	rʲ	conso:trill:alveolar:voiced:palatalized
	r8	r̥	conso:trill:alveolar:voiceless:plain
	r¥	r̥	conso:trill:alveolar:voiceless:plain
	r8H	r̥ʰ	conso:trill:alveolar:voiceless:aspirated
	r)	r̃	conso:trill:alveolar:voiced:nasalized
	r&	ř	conso:trill:alveolar:voiced:strident
	r5	r̪	conso:trill:dental:voiced:plain
	r5j	r̪ʲ	conso:trill:dental:voiced:palatalized
	v&	v̌	conso:trill:labiodental:voiced:plain
	{	ʀ	conso:trill:uvular:voiced:plain
	{'	ʀʼ	conso:trill:uvular:voiced:glottalized
	{’	ʀʼ	conso:trill:uvular:voiced:glottalized
	rƒÄw	r͡ɣw	conso:trill_to_affricate:alveolar_to_velar:voiced:labialized
	je	je	vowel:glide_to_higher_mid:palatal_to_front_unrounded:plain:plain
	je:	jeː	vowel:glide_to_higher_mid:palatal_to_front_unrounded:plain:long
	je)	jẽ	vowel:glide_to_higher_mid:palatal_to_front_unrounded:nasalized:plain
	¬+:	ʉ̟ː	vowel:high:advanced_central_rounded:plain:long
	i+	i̟	vowel:high:advanced_front_unrounded:plain:plain
	u	u	vowel:high:back_rounded:plain:plain
	u:	uː	vowel:high:back_rounded:plain:long
	uu	uː	vowel:high:back_rounded:plain:long
	u/	uʔ	vowel:high:back_rounded:glottalized:plain
	u/u	uʔu	vowel:high:back_rounded:interrupted:plain
	u³	uˤ	vowel:high:back_rounded:pharyngealized:plain
	u³/	uˤʔ	vowel:high:back_rounded:pharyngealized_glottalized:plain
	u::	uːː	vowel:high:back_rounded:plain:extra_long
	u-	ṳ	vowel:high:back_rounded:plain:breathy
	uÐ	ṳ	vowel:high:back_rounded:plain:breathy
	u-u-	ṳː	vowel:high:back_rounded:plain:breathy_long
	uÐ/	ṳʔ	vowel:high:back_rounded:glottalized:breathy
	uÐ³	ṳˤ	vowel:high:back_rounded:pharyngealized:breathy
	uÐ)³	ṳ̃ˤ	vowel:high:back_rounded:pharyngealized_nasalized:breathy
	u8	u̥	vowel:high:back_rounded:plain:voiceless
	u¼	ṵ	vowel:high:back_rounded:plain:creaky
	u¼:	ṵː	vowel:high:back_rounded:plain:creaky_long
	u)	ũ	vowel:high:back_rounded:nasalized:plain
	u):	ũː	vowel:high:back_rounded:nasalized:long
	u)/	ũʔ	vowel:high:back_rounded:glottalized_nasalized:plain
	u)/u)	ũʔũ	vowel:high:back_rounded:interrupted_nasalized:plain
	u)³	ũˤ	vowel:high:back_rounded:pharyngealized_nasalized:plain
	u2	u̞	vowel:high:back_rounded:RTR:plain
	ui	ui	vowel:high:back_rounded_to_front_unrounded:plain:plain
	µ	ɯ	vowel:high:back_unrounded:plain:plain
	µ:	ɯː	vowel:high:back_unrounded:plain:long
	µµ	ɯː	vowel:high:back_unrounded:plain:long
	µ)	ɯ̃	vowel:high:back_unrounded:nasalized:plain
	¬	ʉ	vowel:high:central_rounded:plain:plain
	¬)N	ʉ̃ⁿ	vowel:high:central_rounded:postnasalized:plain
	ö	ɨ	vowel:high:central_unrounded:plain:plain
	ö:	ɨː	vowel:high:central_unrounded:plain:long
	öö	ɨː	vowel:high:central_unrounded:plain:long
	ö/ö	ɨʔɨ	vowel:high:central_unrounded:interrupted:plain
	ö::	ɨːː	vowel:high:central_unrounded:plain:extra_long
	öÕ	ɨ˞	vowel:high:central_unrounded:retroflex:plain
	®)	ɨ̃	vowel:high:central_unrounded:nasalized:plain
	ö)	ɨ̃	vowel:high:central_unrounded:nasalized:plain
	ö):	ɨ̃ː	vowel:high:central_unrounded:nasalized:long
	®)/®)	ɨ̃ʔɨ̃	vowel:high:central_unrounded:interrupted_nasalized:plain
	ö)/ö)	ɨ̃ʔɨ̃	vowel:high:central_unrounded:interrupted_nasalized:plain
	y	y	vowel:high:front_rounded:plain:plain
	y:	yː	vowel:high:front_rounded:plain:long
	y)	ỹ	vowel:high:front_rounded:nasalized:plain
	yi	yi	vowel:high:front_rounded_to_unrounded:plain:plain
	i	i	vowel:high:front_unrounded:plain:plain
	i:	iː	vowel:high:front_unrounded:plain:long
	ii	iː	vowel:high:front_unrounded:plain:long
	i/	iʔ	vowel:high:front_unrounded:glottalized:plain
	i/i	iʔi	vowel:high:front_unrounded:interrupted:plain
	i³	iˤ	vowel:high:front_unrounded:pharyngealized:plain
	i::	iːː	vowel:high:front_unrounded:plain:extra_long
	i-	i̤	vowel:high:front_unrounded:plain:breathy
	iÐ	i̤	vowel:high:front_unrounded:plain:breathy
	i-i-	i̤ː	vowel:high:front_unrounded:plain:breathy_long
	i8	i̥	vowel:high:front_unrounded:plain:voiceless
	i¥	i̥	vowel:high:front_unrounded:plain:voiceless
	i¼	ḭ	vowel:high:front_unrounded:plain:creaky
	i¼:	ḭː	vowel:high:front_unrounded:plain:creaky_long
	i)	ĩ	vowel:high:front_unrounded:nasalized:plain
	i):	ĩː	vowel:high:front_unrounded:nasalized:long
	i)/	ĩʔ	vowel:high:front_unrounded:glottalized_nasalized:plain
	i)/i)	ĩʔĩ	vowel:high:front_unrounded:interrupted_nasalized:plain
	i°	i̺	vowel:high:front_unrounded:apical:plain
	i2	i̞	vowel:high:front_unrounded:RTR:plain
	u9o	u̯o	vowel:high_glide_to_higher_mid:back_rounded:plain:plain
	i9e	i̯e	vowel:high_glide_to_higher_mid:front_unrounded:plain:plain
	i9o	i̯o	vowel:high_glide_to_higher_mid:front_unrounded_to_back_rounded:plain:plain
	uw	uw	vowel:high_to_glide:back_rounded_to_labiovelar:plain:plain
	uj	uj	vowel:high_to_glide:back_unrounded_to_palatal:plain:plain
	ij	ij	vowel:high_to_glide:front_unrounded_to_palatal:plain:plain
	u-o-	ṳo̤	vowel:high_to_higher_mid:back_rounded:plain:breathy
	uo	uo	vowel:high_to_higher_mid:back_rounded:plain:plain
	ie	ie	vowel:high_to_higher_mid:front_unrounded:plain:plain
	i-e-	i̤e̤	vowel:high_to_higher_mid:front_unrounded:plain:breathy
	ua	ua	vowel:high_to_low:back_rounded_to_central_unrounded:plain:plain
	ia	ia	vowel:high_to_low:front_unrounded_to_central:plain:plain
	u	uɔ	vowel:high_to_lower_mid:back_rounded:plain:plain
	iE	iɛ	vowel:high_to_lower_mid:front_unrounded:plain:plain
	u«	uə	vowel:high_to_mid:back_rounded_to_central_unrounded:plain:plain
	µ«	ɯə	vowel:high_to_mid:back_unrounded_to_central:plain:plain
	i«	iə	vowel:high_to_mid:front_unrounded_to_central:plain:plain
	Œ	ɐ	vowel:higher_low:central_unrounded:plain:plain
	Œ:	ɐː	vowel:higher_low:central_unrounded:plain:long
	Q	æ	vowel:higher_low:front_unrounded:plain:plain
	Q:	æː	vowel:higher_low:front_unrounded:plain:long
	QQ	æː	vowel:higher_low:front_unrounded:plain:long
	Q)	æ̃	vowel:higher_low:front_unrounded:nasalized:plain
	o	o	vowel:higher_mid:back_rounded:plain:plain
	o:	oː	vowel:higher_mid:back_rounded:plain:long
	oo	oː	vowel:higher_mid:back_rounded:plain:long
	o/	oʔ	vowel:higher_mid:back_rounded:glottalized:plain
	o/o	oʔo	vowel:higher_mid:back_rounded:interrupted:plain
	o³	oˤ	vowel:higher_mid:back_rounded:pharyngealized:plain
	o::	oːː	vowel:higher_mid:back_rounded:plain:extra_long
	o-	o̤	vowel:higher_mid:back_rounded:plain:breathy
	oÐ	o̤	vowel:higher_mid:back_rounded:plain:breathy
	o-o-	o̤ː	vowel:higher_mid:back_rounded:plain:breathy_long
	oÐ/	o̤ʔ	vowel:higher_mid:back_rounded:glottalized:breathy
	oÐ³	o̤ˤ	vowel:higher_mid:back_rounded:pharyngealized:breathy
	oÐ)	õ̤	vowel:higher_mid:back_rounded:nasalized:breathy
	o)Ð/	õ̤ʔ	vowel:higher_mid:back_rounded:glottalized_nasalized:breathy
	oÐ)³	õ̤ˤ	vowel:higher_mid:back_rounded:pharyngealized_nasalized:breathy
	o8	o̥	vowel:higher_mid:back_rounded:plain:voiceless
	o(	ŏ	vowel:higher_mid:back_rounded:plain:extra_short
	õ	õ	vowel:higher_mid:back_rounded:nasalized:plain
	o)	õ	vowel:higher_mid:back_rounded:nasalized:plain
	o)N	õⁿ	vowel:higher_mid:back_rounded:postnasalized:plain
	o):	õː	vowel:higher_mid:back_rounded:nasalized:long
	o)/	õʔ	vowel:higher_mid:back_rounded:interrupted_nasalized:plain
	o)³	õˤ	vowel:higher_mid:back_rounded:pharyngealized_nasalized:plain
	o2	o̞	vowel:higher_mid:back_rounded:RTR:plain
	o*	omf	vowel:higher_mid:back_rounded:muffled:plain
	F	ɤ	vowel:higher_mid:back_unrounded:plain:plain
	F:	ɤː	vowel:higher_mid:back_unrounded:plain:long
	FF	ɤː	vowel:higher_mid:back_unrounded:plain:long
	P	ɵ	vowel:higher_mid:central_rounded:plain:plain
	O	ø	vowel:higher_mid:front_rounded:plain:plain
	O:	øː	vowel:higher_mid:front_rounded:plain:long
	O(	ø̆	vowel:higher_mid:front_rounded:plain:extra_short
	e	e	vowel:higher_mid:front_unrounded:plain:plain
	Q~e	e	vowel:higher_mid:front_unrounded:plain:plain
	e:	eː	vowel:higher_mid:front_unrounded:plain:long
	ee	eː	vowel:higher_mid:front_unrounded:plain:long
	e/	eʔ	vowel:higher_mid:front_unrounded:glottalized:plain
	e/e	eʔe	vowel:higher_mid:front_unrounded:interrupted:plain
	e³	eˤ	vowel:higher_mid:front_unrounded:pharyngealized:plain
	e::	eːː	vowel:higher_mid:front_unrounded:plain:extra_long
	e-	e̤	vowel:higher_mid:front_unrounded:plain:breathy
	eÐ	e̤	vowel:higher_mid:front_unrounded:plain:breathy
	e-e-	e̤ː	vowel:higher_mid:front_unrounded:plain:breathy_long
	e)Ð	ẽ̤	vowel:higher_mid:front_unrounded:nasalized:breathy
	e8	e̥	vowel:higher_mid:front_unrounded:plain:voiceless
	e)	ẽ	vowel:higher_mid:front_unrounded:nasalized:plain
	e)N	ẽⁿ	vowel:higher_mid:front_unrounded:postnasalized:plain
	e):	ẽː	vowel:higher_mid:front_unrounded:nasalized:long
	e)/e)	ẽʔẽ	vowel:higher_mid:front_unrounded:interrupted_nasalized:plain
	e2	e̞	vowel:higher_mid:front_unrounded:RTR:plain
	e*	emf	vowel:higher_mid:front_unrounded:muffled:plain
	o9u	o̯u	vowel:higher_mid_glide_to_high:back_rounded:plain:plain
	e9o	e̯o	vowel:higher_mid_glide_to_higher_mid:front_unrounded_to_back_rounded:plain:plain
	o9a	o̯a	vowel:higher_mid_glide_to_low:back_rounded_to_central_unrounded:plain:plain
	e9a	e̯a	vowel:higher_mid_glide_to_low:front_unrounded_to_central:plain:plain
	oj	oj	vowel:higher_mid_to_glide:back_rounded_to_palatal:plain:plain
	ej	ej	vowel:higher_mid_to_glide:front_unrounded_to_palatal:plain:plain
	ou	ou	vowel:higher_mid_to_high:back_rounded:plain:plain
	oi	oi	vowel:higher_mid_to_high:back_rounded_to_front:plain:plain
	ei	ei	vowel:higher_mid_to_high:front_unrounded:plain:plain
	eu	eu	vowel:higher_mid_to_high:front_unrounded_to_back_rounded:plain:plain
	oU	oʊ	vowel:higher_mid_to_lower_high:back_rounded:plain:plain
	eI	eɪ	vowel:higher_mid_to_lower_high:front_unrounded:plain:plain
	o«	oə	vowel:higher_mid_to_mid:back_rounded_to_central_unrounded:plain:plain
	O«	øə	vowel:higher_mid_to_mid:front_rounded_to_central_unrounded:plain:plain
	e«	eə	vowel:higher_mid_to_mid:front_unrounded_to_central:plain:plain
	a+	a+	vowel:low:advanced_central_unrounded:plain:plain
		ɒ	vowel:low:back_rounded:plain:plain
		ɒː	vowel:low:back_rounded:plain:long
	A	ɑ	vowel:low:back_unrounded:plain:plain
	A:	ɑː	vowel:low:back_unrounded:plain:long
	AA	ɑː	vowel:low:back_unrounded:plain:long
	A)	ɑ̃	vowel:low:back_unrounded:nasalized:plain
	a	a	vowel:low:central_unrounded:plain:plain
	a:	aː	vowel:low:central_unrounded:plain:long
	aa	aː	vowel:low:central_unrounded:plain:long
	a/	aʔ	vowel:low:central_unrounded:glottalized:plain
	a/a	aʔa	vowel:low:central_unrounded:interrupted:plain
	a³	aˤ	vowel:low:central_unrounded:pharyngealized:plain
	a³/	aˤʔ	vowel:low:central_unrounded:pharyngealized_glottalized:plain
	a::	aːː	vowel:low:central_unrounded:plain:extra_long
	a1	a̠	vowel:low:central_unrounded:ATR:plain
	aÐ	a̤	vowel:low:central_unrounded:plain:breathy
	aÐ/	a̤ʔ	vowel:low:central_unrounded:glottalized:breathy
	aÐ³	a̤ˤ	vowel:low:central_unrounded:pharyngealized:breathy
	aÐ)	ã̤	vowel:low:central_unrounded:nasalized:breathy
	a)Ð/	ã̤ʔ	vowel:low:central_unrounded:glottalized_nasalized:breathy
	aÐ)³	ã̤ˤ	vowel:low:central_unrounded:pharyngealized_nasalized:breathy
	a8	ḁ	vowel:low:central_unrounded:plain:voiceless
	a¼	a̰	vowel:low:central_unrounded:plain:creaky
	a¼:	a̰ː	vowel:low:central_unrounded:plain:creaky_long
	a(	ă	vowel:low:central_unrounded:plain:extra_short
	a)	ã	vowel:low:central_unrounded:nasalized:plain
	ã	ã	vowel:low:central_unrounded:nasalized:plain
	a)N	ãⁿ	vowel:low:central_unrounded:postnasalized:plain
	a):	ãː	vowel:low:central_unrounded:nasalized:long
	a)/	ãʔ	vowel:low:central_unrounded:glottalized_nasalized:plain
	ã/	ãʔ	vowel:low:central_unrounded:glottalized_nasalized:plain
	a)/a)	ãʔã	vowel:low:central_unrounded:interrupted_nasalized:plain
	a)³	ãˤ	vowel:low:central_unrounded:pharyngealized_nasalized:plain
	aj	aj	vowel:low_to_glide:central_unrounded_to_palatal:plain:plain
	au	au	vowel:low_to_high:central_unrounded_to_back_rounded:plain:plain
	ai	ai	vowel:low_to_high:central_unrounded_to_front:plain:plain
	a¬	aʉ	vowel:low_to_high:central_unrounded_to_rounded:plain:plain
	ai9	ai̯	vowel:low_to_high_glide:central_unrounded_to_front:plain:plain
	ao	ao	vowel:low_to_higher_mid:central_unrounded_to_back_rounded:plain:plain
	aU	aʊ	vowel:low_to_lower_high:central_unrounded_to_back_rounded:plain:plain
	aI	aɪ	vowel:low_to_lower_high:central_unrounded_to_front:plain:plain
	U	ʊ	vowel:lower_high:back_rounded:plain:plain
	U:	ʊː	vowel:lower_high:back_rounded:plain:long
	UU	ʊː	vowel:lower_high:back_rounded:plain:long
	U1	ʊ̘	vowel:lower_high:back_rounded:ATR:plain
	U8	ʊ̥	vowel:lower_high:back_rounded:plain:voiceless
	U)	ʊ̃	vowel:lower_high:back_rounded:nasalized:plain
	U):	ʊ̃ː	vowel:lower_high:back_rounded:nasalized:long
	uÐ)	ṳ̃	vowel:lower_high:back_rounded:nasalized:breathy
	®	ɨ̞	vowel:lower_high:central_unrounded:plain:plain
	Y	ʏ	vowel:lower_high:front_rounded:plain:plain
	I	ɪ	vowel:lower_high:front_unrounded:plain:plain
	I:	ɪː	vowel:lower_high:front_unrounded:plain:long
	II	ɪː	vowel:lower_high:front_unrounded:plain:long
	I1	ɪ̘	vowel:lower_high:front_unrounded:ATR:plain
	I8	ɪ̥	vowel:lower_high:front_unrounded:plain:voiceless
	I¥	ɪ̥	vowel:lower_high:front_unrounded:plain:voiceless
	I)	ɪ̃	vowel:lower_high:front_unrounded:nasalized:plain
	I):	ɪ̃ː	vowel:lower_high:front_unrounded:nasalized:long
	UY9	ʊʏ̯	vowel:lower_high_to_high_glide:back_rounded_to_front_unrounded:plain:plain
	U	ʊɔ	vowel:lower_high_to_lower_mid:back_rounded:plain:plain
	IE	ɪɛ	vowel:lower_high_to_lower_mid:front_unrounded:plain:plain
		ɔ	vowel:lower_mid:back_rounded:plain:plain
	:	ɔː	vowel:lower_mid:back_rounded:plain:long
		ɔː	vowel:lower_mid:back_rounded:plain:long
	/	ɔʔ	vowel:lower_mid:back_rounded:glottalized:plain
	1	ɔ̘	vowel:lower_mid:back_rounded:ATR:plain
	8	ɔ̥	vowel:lower_mid:back_rounded:plain:voiceless
	)	ɔ̃	vowel:lower_mid:back_rounded:nasalized:plain
	):	ɔ̃ː	vowel:lower_mid:back_rounded:nasalized:long
	)/	ɔ̃ʔ	vowel:lower_mid:back_rounded:glottalized_nasalized:plain
	Ã	ʌ	vowel:lower_mid:back_unrounded:plain:plain
	Ã:	ʌː	vowel:lower_mid:back_unrounded:plain:long
	Ã-	ʌ̤	vowel:lower_mid:back_unrounded:plain:breathy
	Ã-Ã-	ʌ̤ː	vowel:lower_mid:back_unrounded:plain:breathy_long
	Ã(	ʌ̆	vowel:lower_mid:back_unrounded:plain:extra_short
	Ã)	ʌ̃	vowel:lower_mid:back_unrounded:nasalized:plain
	Ã):	ʌ̃ː	vowel:lower_mid:back_unrounded:nasalized:long
	Î	ɜ	vowel:lower_mid:central_unrounded:plain:plain
	Î:	ɜː	vowel:lower_mid:central_unrounded:plain:long
	¿	œ	vowel:lower_mid:front_rounded:plain:plain
	¿:	œː	vowel:lower_mid:front_rounded:plain:long
	¿)	œ̃	vowel:lower_mid:front_rounded:nasalized:plain
	E	ɛ	vowel:lower_mid:front_unrounded:plain:plain
	E:	ɛː	vowel:lower_mid:front_unrounded:plain:long
	EE	ɛː	vowel:lower_mid:front_unrounded:plain:long
	E/	ɛʔ	vowel:lower_mid:front_unrounded:glottalized:plain
	E1	ɛ̘	vowel:lower_mid:front_unrounded:ATR:plain
	E8	ɛ̥	vowel:lower_mid:front_unrounded:plain:voiceless
	E)	ɛ̃	vowel:lower_mid:front_unrounded:nasalized:plain
	E):	ɛ̃ː	vowel:lower_mid:front_unrounded:nasalized:long
	E)/	ɛ̃ʔ	vowel:lower_mid:front_unrounded:glottalized_nasalized:plain
	j	ɔj	vowel:lower_mid_to_glide:back_rounded_to_palatal:plain:plain
	i	ɔi	vowel:lower_mid_to_high:back_rounded_to_front_unrounded:plain:plain
	¿u	œu	vowel:lower_mid_to_high:front_rounded_to_back:plain:plain
	¿i	œi	vowel:lower_mid_to_high:front_rounded_to_unrounded:plain:plain
	i9	ɔi̯	vowel:lower_mid_to_high_glide:back_rounded_to_front_unrounded:plain:plain
	Ei9	ɛi̯	vowel:lower_mid_to_high_glide:central_unrounded_to_front:plain:plain
	>u	u̞	vowel:lowered_high:back_rounded:plain:plain
	u1	u̞	vowel:lowered_high:back_rounded:plain:plain
	u4	u̞	vowel:lowered_high:back_rounded:plain:plain
	>i	i̞	vowel:lowered_high:front_unrounded:plain:plain
	i1	i̞	vowel:lowered_high:front_unrounded:plain:plain
	i4	i̞	vowel:lowered_high:front_unrounded:plain:plain
	i¢	i̞	vowel:lowered_high:front_unrounded:plain:plain
	>Q	æ̞	vowel:lowered_higher_low:front_unrounded:plain:plain
	>o	o̞	vowel:lowered_higher_mid:back_rounded:plain:plain
	o1	o̞	vowel:lowered_higher_mid:back_rounded:plain:plain
	o4	o̞	vowel:lowered_higher_mid:back_rounded:plain:plain
	e1	e̞	vowel:lowered_higher_mid:front_unrounded:plain:plain
	e4	e̞	vowel:lowered_higher_mid:front_unrounded:plain:plain
	>a	a̞	vowel:lowered_low:central_unrounded:plain:plain
	a4	a̞	vowel:lowered_low:central_unrounded:plain:plain
	>E	ɛ̞	vowel:lowered_lower_mid:front_unrounded:plain:plain
	«:	əː	vowel:mid:advanced_central_unrounded:plain:long
	«+	ə̟	vowel:mid:advanced_central_unrounded:plain:plain
	«	ə	vowel:mid:central_unrounded:plain:plain
	««	əː	vowel:mid:central_unrounded:plain:long
	«³	əˤ	vowel:mid:central_unrounded:pharyngealized:plain
	«Õ	ə˞	vowel:mid:central_unrounded:retroflex:plain
	«(	ə̆	vowel:mid:central_unrounded:plain:extra_short
	«)	ə̃	vowel:mid:central_unrounded:nasalized:plain
	«):	ə̃ː	vowel:mid:central_unrounded:nasalized:long
	«9i	ə̯i	vowel:mid_glide_to_high:central_unrounded_to_front:plain:plain
	«u	əu	vowel:mid_to_high:central_unrounded_to_back_rounded:plain:plain
	«i	əi	vowel:mid_to_high:central_unrounded_to_front:plain:plain
	«o	əo	vowel:mid_to_higher_mid:back_rounded_to_central_unrounded:plain:plain
	«e	əe	vowel:mid_to_higher_mid:central_unrounded_to_front:plain:plain
	u3	u̝	vowel:raised_high:back_rounded:plain:plain
	u3:	u̝ː	vowel:raised_high:back_rounded:plain:long
	i3	i̝	vowel:raised_high:front_unrounded:plain:plain
	i3:	i̝ː	vowel:raised_high:front_unrounded:plain:long
	o3	o̝	vowel:raised_higher_mid:back_rounded:plain:plain
	o3:	o̝ː	vowel:raised_higher_mid:back_rounded:plain:long
	o3)	õ̝	vowel:raised_higher_mid:back_rounded:nasalized:plain
	e3	e̝	vowel:raised_higher_mid:front_unrounded:plain:plain
	e3:	e̝ː	vowel:raised_higher_mid:front_unrounded:plain:long
	e3)	ẽ̝	vowel:raised_higher_mid:front_unrounded:nasalized:plain
	a^	a̝	vowel:raised_low:central_unrounded:plain:plain
	a3	a̝	vowel:raised_low:central_unrounded:plain:plain
	a3:	a̪ː	vowel:raised_low:central_unrounded:plain:long
	aa^	a̝ː	vowel:raised_low:central_unrounded:plain:long
	3	ɔ̝	vowel:raised_lower_mid:back_rounded:plain:plain
	3:	ɔ̝ː	vowel:raised_lower_mid:back_rounded:plain:long
	Ã£	ʌ̝	vowel:raised_lower_mid:back_unrounded:plain:plain
	«3	ə̝	vowel:raised_mid:central_unrounded:plain:plain
