BIPA_GRAPHEME	CLTS_NAME	GENERATED	EXPLICIT	GRAPHEME	SYMBOLS	URL	LATEX	FEATURES	SOUND	IMAGE	COUNT	NOTE
<NA>	<NA>		+	#	<NA>	https://chridd.nfshost.com/diachronica/search?q=%23						
<NA>	<NA>		+	#_	<NA>	https://chridd.nfshost.com/diachronica/search?q=%23_						
<NA>	<NA>		+	$	<NA>	https://chridd.nfshost.com/diachronica/search?q=%24						
<NA>	<NA>		+	%	<NA>	https://chridd.nfshost.com/diachronica/search?q=%25						
<NA>	<NA>		+	&	<NA>	https://chridd.nfshost.com/diachronica/search?q=%26						
<NA>	<NA>		+	:	<NA>	https://chridd.nfshost.com/diachronica/search?q=%3a						
<NA>	<NA>		+	@	<NA>	https://chridd.nfshost.com/diachronica/search?q=%40						
<NA>	<NA>		+	A	<NA>	https://chridd.nfshost.com/diachronica/search?q=A						
<NA>	<NA>		+	B	<NA>	https://chridd.nfshost.com/diachronica/search?q=B						
<NA>	<NA>		+	C	<NA>	https://chridd.nfshost.com/diachronica/search?q=C						
<NA>	<NA>		+	D	<NA>	https://chridd.nfshost.com/diachronica/search?q=D						
<NA>	<NA>		+	E	<NA>	https://chridd.nfshost.com/diachronica/search?q=E						
<NA>	<NA>		+	F	<NA>	https://chridd.nfshost.com/diachronica/search?q=F						
<NA>	<NA>		+	G	<NA>	https://chridd.nfshost.com/diachronica/search?q=G						
<NA>	<NA>		+	H	<NA>	https://chridd.nfshost.com/diachronica/search?q=H						
<NA>	<NA>		+	I	<NA>	https://chridd.nfshost.com/diachronica/search?q=I						
<NA>	<NA>		+	J	<NA>	https://chridd.nfshost.com/diachronica/search?q=J						
<NA>	<NA>		+	K	<NA>	https://chridd.nfshost.com/diachronica/search?q=K						
<NA>	<NA>		+	L	<NA>	https://chridd.nfshost.com/diachronica/search?q=L						
<NA>	<NA>		+	M	<NA>	https://chridd.nfshost.com/diachronica/search?q=M						
<NA>	<NA>		+	N	<NA>	https://chridd.nfshost.com/diachronica/search?q=N						
<NA>	<NA>		+	O	<NA>	https://chridd.nfshost.com/diachronica/search?q=O						
<NA>	<NA>		+	P	<NA>	https://chridd.nfshost.com/diachronica/search?q=P						
<NA>	<NA>		+	Q	<NA>	https://chridd.nfshost.com/diachronica/search?q=Q						
<NA>	<NA>		+	R	<NA>	https://chridd.nfshost.com/diachronica/search?q=R						
<NA>	<NA>		+	S	<NA>	https://chridd.nfshost.com/diachronica/search?q=S						
<NA>	<NA>		+	T	<NA>	https://chridd.nfshost.com/diachronica/search?q=T						
<NA>	<NA>		+	U	<NA>	https://chridd.nfshost.com/diachronica/search?q=U						
<NA>	<NA>		+	V	<NA>	https://chridd.nfshost.com/diachronica/search?q=V						
<NA>	<NA>		+	W	<NA>	https://chridd.nfshost.com/diachronica/search?q=W						
<NA>	<NA>		+	X	<NA>	https://chridd.nfshost.com/diachronica/search?q=X						
<NA>	<NA>		+	Y	<NA>	https://chridd.nfshost.com/diachronica/search?q=Y						
<NA>	<NA>		+	Z	<NA>	https://chridd.nfshost.com/diachronica/search?q=Z						
<NA>	<NA>		+	_#	<NA>	https://chridd.nfshost.com/diachronica/search?q=_%23						
<NA>	<NA>		+	n̲	<NA>	https://chridd.nfshost.com/diachronica/search?q=n%cc%b2						
<NA>	<NA>		+	n̲ː	<NA>	https://chridd.nfshost.com/diachronica/search?q=n%cc%b2%cb%90						
<NA>	<NA>		+	r̀	<NA>	https://chridd.nfshost.com/diachronica/search?q=r%cc%80						
<NA>	<NA>		+	ŕ	<NA>	https://chridd.nfshost.com/diachronica/search?q=r%cc%81						
<NA>	<NA>		+	r̲	<NA>	https://chridd.nfshost.com/diachronica/search?q=r%cc%b2						
<NA>	<NA>		+	ś	<NA>	https://chridd.nfshost.com/diachronica/search?q=s%cc%81						
<NA>	<NA>		+	ɡ̌	<NA>	https://chridd.nfshost.com/diachronica/search?q=%c9%a1%cc%8c						
<NA>	<NA>		+	ʰ	<NA>	https://chridd.nfshost.com/diachronica/search?q=%ca%b0						
<NA>	<NA>		+	ʱ	<NA>	https://chridd.nfshost.com/diachronica/search?q=%ca%b1						
<NA>	<NA>		+	ʲ	<NA>	https://chridd.nfshost.com/diachronica/search?q=%ca%b2						
<NA>	<NA>		+	ʷ	<NA>	https://chridd.nfshost.com/diachronica/search?q=%ca%b7						
<NA>	<NA>		+	ʼ	<NA>	https://chridd.nfshost.com/diachronica/search?q=%ca%bc						
<NA>	<NA>		+	ʼd	<NA>	https://chridd.nfshost.com/diachronica/search?q=%ca%bcd						
<NA>	<NA>		+	ʼk	<NA>	https://chridd.nfshost.com/diachronica/search?q=%ca%bck						
<NA>	<NA>		+	ʼm	<NA>	https://chridd.nfshost.com/diachronica/search?q=%ca%bcm						
<NA>	<NA>		+	ʼn	<NA>	https://chridd.nfshost.com/diachronica/search?q=%ca%bcn						
<NA>	<NA>		+	ʼp	<NA>	https://chridd.nfshost.com/diachronica/search?q=%ca%bcp						
<NA>	<NA>		+	ʼt	<NA>	https://chridd.nfshost.com/diachronica/search?q=%ca%bct						
<NA>	<NA>		+	ʼɟ	<NA>	https://chridd.nfshost.com/diachronica/search?q=%ca%bc%c9%9f						
<NA>	<NA>		+	ʼɲ	<NA>	https://chridd.nfshost.com/diachronica/search?q=%ca%bc%c9%b2						
<NA>	<NA>		+	ˀ	<NA>	https://chridd.nfshost.com/diachronica/search?q=%cb%80						
<NA>	<NA>		+	ː	<NA>	https://chridd.nfshost.com/diachronica/search?q=%cb%90						
<NA>	<NA>		+	ˑ	<NA>	https://chridd.nfshost.com/diachronica/search?q=%cb%91						
<NA>	<NA>		+	ˤ	<NA>	https://chridd.nfshost.com/diachronica/search?q=%cb%a4						
<NA>	<NA>		+	Ω	<NA>	https://chridd.nfshost.com/diachronica/search?q=%ce%a9						
<NA>	<NA>		+	ъ	<NA>	https://chridd.nfshost.com/diachronica/search?q=%d1%8a						
<NA>	<NA>		+	ь	<NA>	https://chridd.nfshost.com/diachronica/search?q=%d1%8c						
<NA>	<NA>		+	ᵚ	<NA>	https://chridd.nfshost.com/diachronica/search?q=%e1%b5%9a						
<NA>	<NA>		+	”	<NA>	https://chridd.nfshost.com/diachronica/search?q=%e2%80%9d						
<NA>	<NA>		+	…	<NA>	https://chridd.nfshost.com/diachronica/search?q=%e2%80%a6						
<NA>	<NA>		+	∅	<NA>	https://chridd.nfshost.com/diachronica/search?q=%e2%88%85						
<NA>	<NA>		+	◌̀	<NA>	https://chridd.nfshost.com/diachronica/search?q=%cc%80						
<NA>	<NA>		+	◌́	<NA>	https://chridd.nfshost.com/diachronica/search?q=%cc%81						
<NA>	<NA>		+	◌̂	<NA>	https://chridd.nfshost.com/diachronica/search?q=%cc%82						
<NA>	<NA>		+	◌̃	<NA>	https://chridd.nfshost.com/diachronica/search?q=%cc%83						
<NA>	<NA>		+	◌̄	<NA>	https://chridd.nfshost.com/diachronica/search?q=%cc%84						
<NA>	<NA>		+	◌̆	<NA>	https://chridd.nfshost.com/diachronica/search?q=%cc%86						
<NA>	<NA>		+	◌̈	<NA>	https://chridd.nfshost.com/diachronica/search?q=%cc%88						
<NA>	<NA>		+	◌̊	<NA>	https://chridd.nfshost.com/diachronica/search?q=%cc%8a						
<NA>	<NA>		+	◌̌	<NA>	https://chridd.nfshost.com/diachronica/search?q=%cc%8c						
<NA>	<NA>		+	◌̚	<NA>	https://chridd.nfshost.com/diachronica/search?q=%cc%9a						
<NA>	<NA>		+	◌̝	<NA>	https://chridd.nfshost.com/diachronica/search?q=%cc%9d						
<NA>	<NA>		+	◌̞	<NA>	https://chridd.nfshost.com/diachronica/search?q=%cc%9e						
<NA>	<NA>		+	◌̥	<NA>	https://chridd.nfshost.com/diachronica/search?q=%cc%a5						
<NA>	<NA>		+	◌̩	<NA>	https://chridd.nfshost.com/diachronica/search?q=%cc%a9						
<NA>	<NA>		+	◌̪	<NA>	https://chridd.nfshost.com/diachronica/search?q=%cc%aa						
<NA>	<NA>		+	◌̬	<NA>	https://chridd.nfshost.com/diachronica/search?q=%cc%ac						
<NA>	<NA>		+	◌̯	<NA>	https://chridd.nfshost.com/diachronica/search?q=%cc%af						
<NA>	<NA>		+	◌̰	<NA>	https://chridd.nfshost.com/diachronica/search?q=%cc%b0						
<NA>	<NA>		+	◌̲	<NA>	https://chridd.nfshost.com/diachronica/search?q=%cc%b2						
<NA>	<NA>		+	◌̺	<NA>	https://chridd.nfshost.com/diachronica/search?q=%cc%ba						
<NA>	<NA>		+	◌̻	<NA>	https://chridd.nfshost.com/diachronica/search?q=%cc%bb						
<NA>	<NA>		+	◌̼	<NA>	https://chridd.nfshost.com/diachronica/search?q=%cc%bc						
<NA>	<NA>		+	◌͜	<NA>	https://chridd.nfshost.com/diachronica/search?q=%cd%9c						
<NA>	<NA>		+	◌͡	<NA>	https://chridd.nfshost.com/diachronica/search?q=%cd%a1						
<NA>	<NA>		+	◌͡ʰ	<NA>	https://chridd.nfshost.com/diachronica/search?q=%cd%a1%ca%b0						
+			+	+		https://chridd.nfshost.com/diachronica/search?q=%2b						
¹	short from-low tone		+	1	◌¹	https://chridd.nfshost.com/diachronica/search?q=1						
²	short from-mid-low tone		+	2	◌²	https://chridd.nfshost.com/diachronica/search?q=2						
³	short from-mid tone		+	3	◌³	https://chridd.nfshost.com/diachronica/search?q=3						
⁴	short from-mid-high tone		+	4	◌⁴	https://chridd.nfshost.com/diachronica/search?q=4						
⁵	short from-high tone		+	5	◌⁵	https://chridd.nfshost.com/diachronica/search?q=5						
a	unrounded open front vowel		+	a	◌a	https://chridd.nfshost.com/diachronica/search?q=a						
aː	long unrounded open front vowel		+	aː	◌a ◌ː	https://chridd.nfshost.com/diachronica/search?q=a%cb%90						
ã	nasalized unrounded open front vowel		+	ã	◌a ◌̃	https://chridd.nfshost.com/diachronica/search?q=a%cc%83						
ãː	long nasalized unrounded open front vowel		+	ãː	◌a ◌̃ ◌ː	https://chridd.nfshost.com/diachronica/search?q=a%cc%83%cb%90						
ā	unrounded open front with-mid_tone vowel	+	+	ā	◌a ◌̄	https://chridd.nfshost.com/diachronica/search?q=a%cc%84						
ă	ultra-short unrounded open front vowel		+	ă	◌a ◌̆	https://chridd.nfshost.com/diachronica/search?q=a%cc%86						
ḁ	devoiced unrounded open front vowel		+	å	◌a ◌̥	https://chridd.nfshost.com/diachronica/search?q=a%cc%8a						
a̯	non-syllabic unrounded open front vowel		+	a̯	◌a ◌̯	https://chridd.nfshost.com/diachronica/search?q=a%cc%af						
a̰	creaky unrounded open front vowel		+	a̰	◌a ◌̰	https://chridd.nfshost.com/diachronica/search?q=a%cc%b0						
b	voiced bilabial stop consonant		+	b	◌b	https://chridd.nfshost.com/diachronica/search?q=b						
bʰ	aspirated voiced bilabial stop consonant		+	bʰ	◌b ◌ʰ	https://chridd.nfshost.com/diachronica/search?q=b%ca%b0						
bʱ	breathy voiced bilabial stop consonant		+	bʱ	◌b ◌ʱ	https://chridd.nfshost.com/diachronica/search?q=b%ca%b1						
bʲ	palatalized voiced bilabial stop consonant		+	bʲ	◌b ◌ʲ	https://chridd.nfshost.com/diachronica/search?q=b%ca%b2						
bʷ	labialized voiced bilabial stop consonant		+	bʷ	◌b ◌ʷ	https://chridd.nfshost.com/diachronica/search?q=b%ca%b7						
bʲʷ	palatalized labialized voiced bilabial stop consonant	+	+	bʷʲ	◌b ◌ʲ ◌ʷ	https://chridd.nfshost.com/diachronica/search?q=b%ca%b7%ca%b2						
bʼ	voiced bilabial ejective stop consonant	+	+	bʼ	◌b ◌ʼ	https://chridd.nfshost.com/diachronica/search?q=b%ca%bc						
bː	long voiced bilabial stop consonant		+	bː	◌b ◌ː	https://chridd.nfshost.com/diachronica/search?q=b%cb%90						
bˤ	pharyngealized voiced bilabial stop consonant	+	+	bˤ	◌b ◌ˤ	https://chridd.nfshost.com/diachronica/search?q=b%cb%a4						
b̚	unreleased voiced bilabial stop consonant		+	b̚	◌b ◌̚	https://chridd.nfshost.com/diachronica/search?q=b%cc%9a						
c	voiceless palatal stop consonant		+	c	◌c	https://chridd.nfshost.com/diachronica/search?q=c						
cʰ	aspirated voiceless palatal stop consonant		+	cʰ	◌c ◌ʰ	https://chridd.nfshost.com/diachronica/search?q=c%ca%b0						
cʰː	aspirated long voiceless palatal stop consonant	+	+	cʰː	◌c ◌ʰ ◌ː	https://chridd.nfshost.com/diachronica/search?q=c%ca%b0%cb%90						
cʷ	labialized voiceless palatal stop consonant	+	+	cʷ	◌c ◌ʷ	https://chridd.nfshost.com/diachronica/search?q=c%ca%b7						
cʷː	labialized long voiceless palatal stop consonant	+	+	cʷː	◌c ◌ʷ ◌ː	https://chridd.nfshost.com/diachronica/search?q=c%ca%b7%cb%90						
cː	long voiceless palatal stop consonant		+	cː	◌c ◌ː	https://chridd.nfshost.com/diachronica/search?q=c%cb%90						
c̚	unreleased voiceless palatal stop consonant	+	+	c̚	◌c ◌̚	https://chridd.nfshost.com/diachronica/search?q=c%cc%9a						
d	voiced alveolar stop consonant		+	d	◌d	https://chridd.nfshost.com/diachronica/search?q=d						
dʰ	aspirated voiced alveolar stop consonant		+	dʰ	◌d ◌ʰ	https://chridd.nfshost.com/diachronica/search?q=d%ca%b0						
dʱ	breathy voiced alveolar stop consonant		+	dʱ	◌d ◌ʱ	https://chridd.nfshost.com/diachronica/search?q=d%ca%b1						
dʱː	long breathy voiced alveolar stop consonant		+	dʱː	◌d ◌ʱ ◌ː	https://chridd.nfshost.com/diachronica/search?q=d%ca%b1%cb%90						
dʲ	palatalized voiced alveolar stop consonant		+	dʲ	◌d ◌ʲ	https://chridd.nfshost.com/diachronica/search?q=d%ca%b2						
dʷ	labialized voiced alveolar stop consonant	+	+	dʷ	◌d ◌ʷ	https://chridd.nfshost.com/diachronica/search?q=d%ca%b7						
dʼ	voiced alveolar ejective stop consonant	+	+	dʼ	◌d ◌ʼ	https://chridd.nfshost.com/diachronica/search?q=d%ca%bc						
dː	long voiced alveolar stop consonant		+	dː	◌d ◌ː	https://chridd.nfshost.com/diachronica/search?q=d%cb%90						
dˤ	pharyngealized voiced alveolar stop consonant		+	dˤ	◌d ◌ˤ	https://chridd.nfshost.com/diachronica/search?q=d%cb%a4						
d̪	voiced dental stop consonant		+	d̪	◌d ◌̪	https://chridd.nfshost.com/diachronica/search?q=d%cc%aa						
dz	voiced alveolar sibilant affricate consonant		+	d͜z	◌d ◌z	https://chridd.nfshost.com/diachronica/search?q=d%cd%9cz						
e	unrounded close-mid front vowel		+	e	◌e	https://chridd.nfshost.com/diachronica/search?q=e						
eː	long unrounded close-mid front vowel		+	eː	◌e ◌ː	https://chridd.nfshost.com/diachronica/search?q=e%cb%90						
eːi̯	from long unrounded close-mid front to non-syllabic unrounded close front diphthong	+	+	eːʲ	◌e ◌ː ◌i ◌̯	https://chridd.nfshost.com/diachronica/search?q=e%cb%90%ca%b2						
è	unrounded close-mid front with-low_tone vowel	+	+	è	◌e ◌̀	https://chridd.nfshost.com/diachronica/search?q=e%cc%80						
é	unrounded close-mid front with-high_tone vowel	+	+	é	◌e ◌́	https://chridd.nfshost.com/diachronica/search?q=e%cc%81						
ê	unrounded close-mid front with-falling_tone vowel	+	+	ê	◌e ◌̂	https://chridd.nfshost.com/diachronica/search?q=e%cc%82						
ẽ	nasalized unrounded close-mid front vowel		+	ẽ	◌e ◌̃	https://chridd.nfshost.com/diachronica/search?q=e%cc%83						
ẽː	long nasalized unrounded close-mid front vowel		+	ẽː	◌e ◌̃ ◌ː	https://chridd.nfshost.com/diachronica/search?q=e%cc%83%cb%90						
ē	unrounded close-mid front with-mid_tone vowel	+	+	ē	◌e ◌̄	https://chridd.nfshost.com/diachronica/search?q=e%cc%84						
ë	centralized unrounded close-mid front vowel	+	+	ë	◌e ◌̈	https://chridd.nfshost.com/diachronica/search?q=e%cc%88						
e̯	non-syllabic unrounded close-mid front vowel		+	e̯	◌e ◌̯	https://chridd.nfshost.com/diachronica/search?q=e%cc%af						
ḛ	creaky unrounded close-mid front vowel		+	ḛ	◌e ◌̰	https://chridd.nfshost.com/diachronica/search?q=e%cc%b0						
f	voiceless labio-dental fricative consonant		+	f	◌f	https://chridd.nfshost.com/diachronica/search?q=f						
fʲ	palatalized voiceless labio-dental fricative consonant		+	fʲ	◌f ◌ʲ	https://chridd.nfshost.com/diachronica/search?q=f%ca%b2						
fʼ	voiceless labio-dental ejective fricative consonant		+	fʼ	◌f ◌ʼ	https://chridd.nfshost.com/diachronica/search?q=f%ca%bc						
fː	long voiceless labio-dental fricative consonant		+	fː	◌f ◌ː	https://chridd.nfshost.com/diachronica/search?q=f%cb%90						
f̩	syllabic voiceless labio-dental fricative consonant	+	+	f̩	◌f ◌̩	https://chridd.nfshost.com/diachronica/search?q=f%cc%a9						
h	voiceless glottal fricative consonant		+	h	◌h	https://chridd.nfshost.com/diachronica/search?q=h						
hʷ	labialized voiceless glottal fricative consonant	+	+	hʷ	◌h ◌ʷ	https://chridd.nfshost.com/diachronica/search?q=h%ca%b7						
hː	long voiceless glottal fricative consonant	+	+	hː	◌h ◌ː	https://chridd.nfshost.com/diachronica/search?q=h%cb%90						
h̃	nasalized voiceless glottal fricative consonant		+	h̃	◌h ◌̃	https://chridd.nfshost.com/diachronica/search?q=h%cc%83						
h̃ʷ	nasalized labialized voiceless glottal fricative consonant	+	+	h̃ʷ	◌h ◌̃ ◌ʷ	https://chridd.nfshost.com/diachronica/search?q=h%cc%83%ca%b7						
i	unrounded close front vowel		+	i	◌i	https://chridd.nfshost.com/diachronica/search?q=i						
iː	long unrounded close front vowel		+	iː	◌i ◌ː	https://chridd.nfshost.com/diachronica/search?q=i%cb%90						
í	unrounded close front with-high_tone vowel	+	+	í	◌i ◌́	https://chridd.nfshost.com/diachronica/search?q=i%cc%81						
î	unrounded close front with-falling_tone vowel	+	+	î	◌i ◌̂	https://chridd.nfshost.com/diachronica/search?q=i%cc%82						
ĩ	nasalized unrounded close front vowel		+	ĩ	◌i ◌̃	https://chridd.nfshost.com/diachronica/search?q=i%cc%83						
ĭ	ultra-short unrounded close front vowel	+	+	ĭ	◌i ◌̆	https://chridd.nfshost.com/diachronica/search?q=i%cc%86						
i̯	non-syllabic unrounded close front vowel	+	+	i̯	◌i ◌̯	https://chridd.nfshost.com/diachronica/search?q=i%cc%af						
ḭ	creaky unrounded close front vowel		+	ḭ	◌i ◌̰	https://chridd.nfshost.com/diachronica/search?q=i%cc%b0						
j	voiced palatal approximant consonant		+	j	◌j	https://chridd.nfshost.com/diachronica/search?q=j						
jʰ	aspirated voiced palatal approximant consonant	+	+	jʰ	◌j ◌ʰ	https://chridd.nfshost.com/diachronica/search?q=j%ca%b0						
jˀ	glottalized voiced palatal approximant consonant	+	+	jˀ	◌j ◌ˀ	https://chridd.nfshost.com/diachronica/search?q=j%cb%80						
jː	long voiced palatal approximant consonant		+	jː	◌j ◌ː	https://chridd.nfshost.com/diachronica/search?q=j%cb%90						
j̃	nasalized voiced palatal approximant consonant		+	j̃	◌j ◌̃	https://chridd.nfshost.com/diachronica/search?q=j%cc%83						
j̊	devoiced voiced palatal approximant consonant		+	j̊	◌j ◌̊	https://chridd.nfshost.com/diachronica/search?q=j%cc%8a						
k	voiceless velar stop consonant		+	k	◌k	https://chridd.nfshost.com/diachronica/search?q=k						
kʰ	aspirated voiceless velar stop consonant		+	kʰ	◌k ◌ʰ	https://chridd.nfshost.com/diachronica/search?q=k%ca%b0						
kʷʰ	labialized aspirated voiceless velar stop consonant		+	kʰʷ	◌k ◌ʷ ◌ʰ	https://chridd.nfshost.com/diachronica/search?q=k%ca%b0%ca%b7						
kʲ	palatalized voiceless velar stop consonant		+	kʲ	◌k ◌ʲ	https://chridd.nfshost.com/diachronica/search?q=k%ca%b2						
kʲʷː	palatalized labialized long voiceless velar stop consonant	+	+	kʲʷː	◌k ◌ʲ ◌ʷ ◌ː	https://chridd.nfshost.com/diachronica/search?q=k%ca%b2%ca%b7%cb%90						
kʼʲ	palatalized voiceless velar ejective stop consonant	+	+	kʲʼ	◌k ◌ʼ ◌ʲ	https://chridd.nfshost.com/diachronica/search?q=k%ca%b2%ca%bc						
kʲː	palatalized long voiceless velar stop consonant	+	+	kʲː	◌k ◌ʲ ◌ː	https://chridd.nfshost.com/diachronica/search?q=k%ca%b2%cb%90						
kʷ	labialized voiceless velar stop consonant		+	kʷ	◌k ◌ʷ	https://chridd.nfshost.com/diachronica/search?q=k%ca%b7						
kʷʰ	labialized aspirated voiceless velar stop consonant		+	kʷʰ	◌k ◌ʷ ◌ʰ	https://chridd.nfshost.com/diachronica/search?q=k%ca%b7%ca%b0						
kʼʲʷ	palatalized labialized voiceless velar ejective stop consonant	+	+	kʷʲʼ	◌k ◌ʼ ◌ʲ ◌ʷ	https://chridd.nfshost.com/diachronica/search?q=k%ca%b7%ca%b2%ca%bc						
kʼʷ	labialized voiceless velar ejective stop consonant		+	kʷʼ	◌k ◌ʼ ◌ʷ	https://chridd.nfshost.com/diachronica/search?q=k%ca%b7%ca%bc						
kʷː	labialized long voiceless velar stop consonant		+	kʷː	◌k ◌ʷ ◌ː	https://chridd.nfshost.com/diachronica/search?q=k%ca%b7%cb%90						
kʼ	voiceless velar ejective stop consonant		+	kʼ	◌k ◌ʼ	https://chridd.nfshost.com/diachronica/search?q=k%ca%bc						
kː	long voiceless velar stop consonant		+	kː	◌k ◌ː	https://chridd.nfshost.com/diachronica/search?q=k%cb%90						
kʼː	long voiceless velar ejective stop consonant	+	+	kːʼ	◌k ◌ʼ ◌ː	https://chridd.nfshost.com/diachronica/search?q=k%cb%90%ca%bc						
kˑ	mid-long voiceless velar stop consonant	+	+	kˑ	◌k ◌ˑ	https://chridd.nfshost.com/diachronica/search?q=k%cb%91						
kˤ	pharyngealized voiceless velar stop consonant	+	+	kˤ	◌k ◌ˤ	https://chridd.nfshost.com/diachronica/search?q=k%cb%a4						
kʲ	palatalized voiceless velar stop consonant		+	ḱ	◌k ◌ʲ	https://chridd.nfshost.com/diachronica/search?q=k%cc%81						
kʲː	palatalized long voiceless velar stop consonant	+	+	ḱː	◌k ◌ʲ ◌ː	https://chridd.nfshost.com/diachronica/search?q=k%cc%81%cb%90						
kp	voiceless velar-and-bilabial stop consonant		+	k͜p	◌k ◌p	https://chridd.nfshost.com/diachronica/search?q=k%cd%9cp						
l	voiced alveolar lateral approximant consonant		+	l	◌l	https://chridd.nfshost.com/diachronica/search?q=l						
lʰ	aspirated voiced alveolar lateral approximant consonant	+	+	lʰ	◌l ◌ʰ	https://chridd.nfshost.com/diachronica/search?q=l%ca%b0						
lʲ	palatalized voiced alveolar lateral approximant consonant		+	lʲ	◌l ◌ʲ	https://chridd.nfshost.com/diachronica/search?q=l%ca%b2						
lʼ	voiced alveolar ejective lateral approximant consonant	+	+	lʼ	◌l ◌ʼ	https://chridd.nfshost.com/diachronica/search?q=l%ca%bc						
lː	long voiced alveolar lateral approximant consonant		+	lː	◌l ◌ː	https://chridd.nfshost.com/diachronica/search?q=l%cb%90						
lʲː	palatalized long voiced alveolar lateral approximant consonant	+	+	lːʲ	◌l ◌ʲ ◌ː	https://chridd.nfshost.com/diachronica/search?q=l%cb%90%ca%b2						
l̃	nasalized voiced alveolar lateral approximant consonant	+	+	l̃	◌l ◌̃	https://chridd.nfshost.com/diachronica/search?q=l%cc%83						
l̥	devoiced voiced alveolar lateral approximant consonant		+	l̥	◌l ◌̥	https://chridd.nfshost.com/diachronica/search?q=l%cc%a5						
l̩	syllabic voiced alveolar lateral approximant consonant		+	l̩	◌l ◌̩	https://chridd.nfshost.com/diachronica/search?q=l%cc%a9						
l̩ː	syllabic long voiced alveolar lateral approximant consonant	+	+	l̩ː	◌l ◌̩ ◌ː	https://chridd.nfshost.com/diachronica/search?q=l%cc%a9%cb%90						
m	voiced bilabial nasal consonant		+	m	◌m	https://chridd.nfshost.com/diachronica/search?q=m						
mʲ	palatalized voiced bilabial nasal consonant		+	mʲ	◌m ◌ʲ	https://chridd.nfshost.com/diachronica/search?q=m%ca%b2						
mʷ	labialized voiced bilabial nasal consonant		+	mʷ	◌m ◌ʷ	https://chridd.nfshost.com/diachronica/search?q=m%ca%b7						
mˀ	glottalized voiced bilabial nasal consonant	+	+	mˀ	◌m ◌ˀ	https://chridd.nfshost.com/diachronica/search?q=m%cb%80						
mː	long voiced bilabial nasal consonant		+	mː	◌m ◌ː	https://chridd.nfshost.com/diachronica/search?q=m%cb%90						
mˤ	pharyngealized voiced bilabial nasal consonant	+	+	mˤ	◌m ◌ˤ	https://chridd.nfshost.com/diachronica/search?q=m%cb%a4						
m̥	devoiced voiced bilabial nasal consonant		+	m̥	◌m ◌̥	https://chridd.nfshost.com/diachronica/search?q=m%cc%a5						
m̩	syllabic voiced bilabial nasal consonant		+	m̩	◌m ◌̩	https://chridd.nfshost.com/diachronica/search?q=m%cc%a9						
n	voiced alveolar nasal consonant		+	n	◌n	https://chridd.nfshost.com/diachronica/search?q=n						
nʲ	palatalized voiced alveolar nasal consonant		+	nʲ	◌n ◌ʲ	https://chridd.nfshost.com/diachronica/search?q=n%ca%b2						
nˀ	glottalized voiced alveolar nasal consonant	+	+	nˀ	◌n ◌ˀ	https://chridd.nfshost.com/diachronica/search?q=n%cb%80						
nː	long voiced alveolar nasal consonant		+	nː	◌n ◌ː	https://chridd.nfshost.com/diachronica/search?q=n%cb%90						
n̥	devoiced voiced alveolar nasal consonant		+	n̥	◌n ◌̥	https://chridd.nfshost.com/diachronica/search?q=n%cc%a5						
n̩	syllabic voiced alveolar nasal consonant		+	n̩	◌n ◌̩	https://chridd.nfshost.com/diachronica/search?q=n%cc%a9						
n̩ː	syllabic long voiced alveolar nasal consonant	+	+	n̩ː	◌n ◌̩ ◌ː	https://chridd.nfshost.com/diachronica/search?q=n%cc%a9%cb%90						
n̪	voiced dental nasal consonant		+	n̪	◌n ◌̪	https://chridd.nfshost.com/diachronica/search?q=n%cc%aa						
n̼	voiced linguolabial nasal consonant		+	n̼	◌n ◌̼	https://chridd.nfshost.com/diachronica/search?q=n%cc%bc						
o	rounded close-mid back vowel		+	o	◌o	https://chridd.nfshost.com/diachronica/search?q=o						
oː	long rounded close-mid back vowel		+	oː	◌o ◌ː	https://chridd.nfshost.com/diachronica/search?q=o%cb%90						
oːu̯	from long rounded close-mid back to non-syllabic rounded close back diphthong	+	+	oːʷ	◌o ◌ː ◌u ◌̯	https://chridd.nfshost.com/diachronica/search?q=o%cb%90%ca%b7						
ò	rounded close-mid back with-low_tone vowel	+	+	ò	◌o ◌̀	https://chridd.nfshost.com/diachronica/search?q=o%cc%80						
ó	rounded close-mid back with-high_tone vowel	+	+	ó	◌o ◌́	https://chridd.nfshost.com/diachronica/search?q=o%cc%81						
ô	rounded close-mid back with-falling_tone vowel	+	+	ô	◌o ◌̂	https://chridd.nfshost.com/diachronica/search?q=o%cc%82						
õ	nasalized rounded close-mid back vowel		+	õ	◌o ◌̃	https://chridd.nfshost.com/diachronica/search?q=o%cc%83						
õː	long nasalized rounded close-mid back vowel		+	õː	◌o ◌̃ ◌ː	https://chridd.nfshost.com/diachronica/search?q=o%cc%83%cb%90						
ŏ	ultra-short rounded close-mid back vowel		+	ŏ	◌o ◌̆	https://chridd.nfshost.com/diachronica/search?q=o%cc%86						
o̯	non-syllabic rounded close-mid back vowel		+	o̯	◌o ◌̯	https://chridd.nfshost.com/diachronica/search?q=o%cc%af						
o̰	creaky rounded close-mid back vowel		+	o̰	◌o ◌̰	https://chridd.nfshost.com/diachronica/search?q=o%cc%b0						
p	voiceless bilabial stop consonant		+	p	◌p	https://chridd.nfshost.com/diachronica/search?q=p						
pʰ	aspirated voiceless bilabial stop consonant		+	pʰ	◌p ◌ʰ	https://chridd.nfshost.com/diachronica/search?q=p%ca%b0						
pʲ	palatalized voiceless bilabial stop consonant		+	pʲ	◌p ◌ʲ	https://chridd.nfshost.com/diachronica/search?q=p%ca%b2						
pʼʲ	palatalized voiceless bilabial ejective stop consonant	+	+	pʲʼ	◌p ◌ʼ ◌ʲ	https://chridd.nfshost.com/diachronica/search?q=p%ca%b2%ca%bc						
pʲː	palatalized long voiceless bilabial stop consonant	+	+	pʲː	◌p ◌ʲ ◌ː	https://chridd.nfshost.com/diachronica/search?q=p%ca%b2%cb%90						
pʷ	labialized voiceless bilabial stop consonant		+	pʷ	◌p ◌ʷ	https://chridd.nfshost.com/diachronica/search?q=p%ca%b7						
pʲʷ	palatalized labialized voiceless bilabial stop consonant	+	+	pʷʲ	◌p ◌ʲ ◌ʷ	https://chridd.nfshost.com/diachronica/search?q=p%ca%b7%ca%b2						
pʼʲʷ	palatalized labialized voiceless bilabial ejective stop consonant	+	+	pʷʲʼ	◌p ◌ʼ ◌ʲ ◌ʷ	https://chridd.nfshost.com/diachronica/search?q=p%ca%b7%ca%b2%ca%bc						
pʼʷ	labialized voiceless bilabial ejective stop consonant	+	+	pʷʼ	◌p ◌ʼ ◌ʷ	https://chridd.nfshost.com/diachronica/search?q=p%ca%b7%ca%bc						
pʼ	voiceless bilabial ejective stop consonant		+	pʼ	◌p ◌ʼ	https://chridd.nfshost.com/diachronica/search?q=p%ca%bc						
pː	long voiceless bilabial stop consonant		+	pː	◌p ◌ː	https://chridd.nfshost.com/diachronica/search?q=p%cb%90						
pˑ	mid-long voiceless bilabial stop consonant	+	+	pˑ	◌p ◌ˑ	https://chridd.nfshost.com/diachronica/search?q=p%cb%91						
pˤ	pharyngealized voiceless bilabial stop consonant	+	+	pˤ	◌p ◌ˤ	https://chridd.nfshost.com/diachronica/search?q=p%cb%a4						
pʼˤ	pharyngealized voiceless bilabial ejective stop consonant	+	+	pˤʼ	◌p ◌ʼ ◌ˤ	https://chridd.nfshost.com/diachronica/search?q=p%cb%a4%ca%bc						
pˤː	pharyngealized long voiceless bilabial stop consonant	+	+	pˤː	◌p ◌ˤ ◌ː	https://chridd.nfshost.com/diachronica/search?q=p%cb%a4%cb%90						
q	voiceless uvular stop consonant		+	q	◌q	https://chridd.nfshost.com/diachronica/search?q=q						
qʰ	aspirated voiceless uvular stop consonant		+	qʰ	◌q ◌ʰ	https://chridd.nfshost.com/diachronica/search?q=q%ca%b0						
qʲ	palatalized voiceless uvular stop consonant	+	+	qʲ	◌q ◌ʲ	https://chridd.nfshost.com/diachronica/search?q=q%ca%b2						
qʲʷ	palatalized labialized voiceless uvular stop consonant	+	+	qʲʷ	◌q ◌ʲ ◌ʷ	https://chridd.nfshost.com/diachronica/search?q=q%ca%b2%ca%b7						
qʼʲʷ	palatalized labialized voiceless uvular ejective stop consonant	+	+	qʲʷʼ	◌q ◌ʼ ◌ʲ ◌ʷ	https://chridd.nfshost.com/diachronica/search?q=q%ca%b2%ca%b7%ca%bc						
qʲʷː	palatalized labialized long voiceless uvular stop consonant	+	+	qʲʷː	◌q ◌ʲ ◌ʷ ◌ː	https://chridd.nfshost.com/diachronica/search?q=q%ca%b2%ca%b7%cb%90						
qʼʲ	palatalized voiceless uvular ejective stop consonant	+	+	qʲʼ	◌q ◌ʼ ◌ʲ	https://chridd.nfshost.com/diachronica/search?q=q%ca%b2%ca%bc						
qʲː	palatalized long voiceless uvular stop consonant	+	+	qʲː	◌q ◌ʲ ◌ː	https://chridd.nfshost.com/diachronica/search?q=q%ca%b2%cb%90						
qʼʲː	palatalized long voiceless uvular ejective stop consonant	+	+	qʲːʼ	◌q ◌ʼ ◌ʲ ◌ː	https://chridd.nfshost.com/diachronica/search?q=q%ca%b2%cb%90%ca%bc						
qʷ	labialized voiceless uvular stop consonant		+	qʷ	◌q ◌ʷ	https://chridd.nfshost.com/diachronica/search?q=q%ca%b7						
qʲʷ	palatalized labialized voiceless uvular stop consonant	+	+	qʷʲ	◌q ◌ʲ ◌ʷ	https://chridd.nfshost.com/diachronica/search?q=q%ca%b7%ca%b2						
qʼʲʷ	palatalized labialized voiceless uvular ejective stop consonant	+	+	qʷʲʼ	◌q ◌ʼ ◌ʲ ◌ʷ	https://chridd.nfshost.com/diachronica/search?q=q%ca%b7%ca%b2%ca%bc						
qʼʷ	labialized voiceless uvular ejective stop consonant		+	qʷʼ	◌q ◌ʼ ◌ʷ	https://chridd.nfshost.com/diachronica/search?q=q%ca%b7%ca%bc						
qʷː	labialized long voiceless uvular stop consonant	+	+	qʷː	◌q ◌ʷ ◌ː	https://chridd.nfshost.com/diachronica/search?q=q%ca%b7%cb%90						
qʼ	voiceless uvular ejective stop consonant		+	qʼ	◌q ◌ʼ	https://chridd.nfshost.com/diachronica/search?q=q%ca%bc						
qʼʷ	labialized voiceless uvular ejective stop consonant		+	qʼʷ	◌q ◌ʼ ◌ʷ	https://chridd.nfshost.com/diachronica/search?q=q%ca%bc%ca%b7						
qʼː	long voiceless uvular ejective stop consonant	+	+	qʼː	◌q ◌ʼ ◌ː	https://chridd.nfshost.com/diachronica/search?q=q%ca%bc%cb%90						
qː	long voiceless uvular stop consonant	+	+	qː	◌q ◌ː	https://chridd.nfshost.com/diachronica/search?q=q%cb%90						
qʼː	long voiceless uvular ejective stop consonant	+	+	qːʼ	◌q ◌ʼ ◌ː	https://chridd.nfshost.com/diachronica/search?q=q%cb%90%ca%bc						
qˤ	pharyngealized voiceless uvular stop consonant	+	+	qˤ	◌q ◌ˤ	https://chridd.nfshost.com/diachronica/search?q=q%cb%a4						
qʲˤ	palatalized pharyngealized voiceless uvular stop consonant	+	+	qˤʲ	◌q ◌ʲ ◌ˤ	https://chridd.nfshost.com/diachronica/search?q=q%cb%a4%ca%b2						
qʲʷˤ	palatalized labialized pharyngealized voiceless uvular stop consonant	+	+	qˤʲʷ	◌q ◌ʲ ◌ʷ ◌ˤ	https://chridd.nfshost.com/diachronica/search?q=q%cb%a4%ca%b2%ca%b7						
qʲʷˤː	palatalized labialized pharyngealized long voiceless uvular stop consonant	+	+	qˤʲʷː	◌q ◌ʲ ◌ʷ ◌ˤ ◌ː	https://chridd.nfshost.com/diachronica/search?q=q%cb%a4%ca%b2%ca%b7%cb%90						
qʼʲˤ	palatalized pharyngealized voiceless uvular ejective stop consonant	+	+	qˤʲʼ	◌q ◌ʼ ◌ʲ ◌ˤ	https://chridd.nfshost.com/diachronica/search?q=q%cb%a4%ca%b2%ca%bc						
qʲˤː	palatalized pharyngealized long voiceless uvular stop consonant	+	+	qˤʲː	◌q ◌ʲ ◌ˤ ◌ː	https://chridd.nfshost.com/diachronica/search?q=q%cb%a4%ca%b2%cb%90						
qʷˤ	labialized pharyngealized voiceless uvular stop consonant	+	+	qˤʷ	◌q ◌ʷ ◌ˤ	https://chridd.nfshost.com/diachronica/search?q=q%cb%a4%ca%b7						
qʲʷˤ	palatalized labialized pharyngealized voiceless uvular stop consonant	+	+	qˤʷʲ	◌q ◌ʲ ◌ʷ ◌ˤ	https://chridd.nfshost.com/diachronica/search?q=q%cb%a4%ca%b7%ca%b2						
qʼʲʷˤ	palatalized labialized pharyngealized voiceless uvular ejective stop consonant	+	+	qˤʷʲʼ	◌q ◌ʼ ◌ʲ ◌ʷ ◌ˤ	https://chridd.nfshost.com/diachronica/search?q=q%cb%a4%ca%b7%ca%b2%ca%bc						
qʼʷˤ	labialized pharyngealized voiceless uvular ejective stop consonant	+	+	qˤʷʼ	◌q ◌ʼ ◌ʷ ◌ˤ	https://chridd.nfshost.com/diachronica/search?q=q%cb%a4%ca%b7%ca%bc						
qʷˤː	labialized pharyngealized long voiceless uvular stop consonant	+	+	qˤʷː	◌q ◌ʷ ◌ˤ ◌ː	https://chridd.nfshost.com/diachronica/search?q=q%cb%a4%ca%b7%cb%90						
qʼˤ	pharyngealized voiceless uvular ejective stop consonant	+	+	qˤʼ	◌q ◌ʼ ◌ˤ	https://chridd.nfshost.com/diachronica/search?q=q%cb%a4%ca%bc						
qˤː	pharyngealized long voiceless uvular stop consonant	+	+	qˤː	◌q ◌ˤ ◌ː	https://chridd.nfshost.com/diachronica/search?q=q%cb%a4%cb%90						
q	voiceless uvular stop consonant		+	q͜	◌q	https://chridd.nfshost.com/diachronica/search?q=q%cd%9c						
q	voiceless uvular stop consonant		+	q͡	◌q	https://chridd.nfshost.com/diachronica/search?q=q%cd%a1						
qχ	voiceless uvular affricate consonant		+	q͡χ	◌q ◌χ	https://chridd.nfshost.com/diachronica/search?q=q%cd%a1%cf%87						
r	voiced alveolar trill consonant		+	r	◌r	https://chridd.nfshost.com/diachronica/search?q=r						
rʰ	aspirated voiced alveolar trill consonant	+	+	rʰ	◌r ◌ʰ	https://chridd.nfshost.com/diachronica/search?q=r%ca%b0						
rʲ	palatalized voiced alveolar trill consonant		+	rʲ	◌r ◌ʲ	https://chridd.nfshost.com/diachronica/search?q=r%ca%b2						
rː	long voiced alveolar trill consonant		+	rː	◌r ◌ː	https://chridd.nfshost.com/diachronica/search?q=r%cb%90						
rʲː	palatalized long voiced alveolar trill consonant	+	+	rːʲ	◌r ◌ʲ ◌ː	https://chridd.nfshost.com/diachronica/search?q=r%cb%90%ca%b2						
r̝	raised voiced alveolar trill consonant	+	+	r̝	◌r ◌̝	https://chridd.nfshost.com/diachronica/search?q=r%cc%9d						
r̝̥	raised devoiced voiced alveolar trill consonant	+	+	r̝̊	◌r ◌̝ ◌̥	https://chridd.nfshost.com/diachronica/search?q=r%cc%9d%cc%8a						
r̥	devoiced voiced alveolar trill consonant		+	r̥	◌r ◌̥	https://chridd.nfshost.com/diachronica/search?q=r%cc%a5						
r̩	syllabic voiced alveolar trill consonant		+	r̩	◌r ◌̩	https://chridd.nfshost.com/diachronica/search?q=r%cc%a9						
r̩ː	syllabic long voiced alveolar trill consonant	+	+	r̩ː	◌r ◌̩ ◌ː	https://chridd.nfshost.com/diachronica/search?q=r%cc%a9%cb%90						
s	voiceless alveolar sibilant fricative consonant		+	s	◌s	https://chridd.nfshost.com/diachronica/search?q=s						
sʰ	aspirated voiceless alveolar sibilant fricative consonant	+	+	sʰ	◌s ◌ʰ	https://chridd.nfshost.com/diachronica/search?q=s%ca%b0						
sʲ	palatalized voiceless alveolar sibilant fricative consonant		+	sʲ	◌s ◌ʲ	https://chridd.nfshost.com/diachronica/search?q=s%ca%b2						
sʲʷ	palatalized labialized voiceless alveolar sibilant fricative consonant	+	+	sʲʷ	◌s ◌ʲ ◌ʷ	https://chridd.nfshost.com/diachronica/search?q=s%ca%b2%ca%b7						
sʲʷː	palatalized labialized long voiceless alveolar sibilant fricative consonant	+	+	sʲʷː	◌s ◌ʲ ◌ʷ ◌ː	https://chridd.nfshost.com/diachronica/search?q=s%ca%b2%ca%b7%cb%90						
sʼʲ	palatalized voiceless alveolar ejective sibilant fricative consonant	+	+	sʲʼ	◌s ◌ʼ ◌ʲ	https://chridd.nfshost.com/diachronica/search?q=s%ca%b2%ca%bc						
sʲː	palatalized long voiceless alveolar sibilant fricative consonant	+	+	sʲː	◌s ◌ʲ ◌ː	https://chridd.nfshost.com/diachronica/search?q=s%ca%b2%cb%90						
sʷ	labialized voiceless alveolar sibilant fricative consonant	+	+	sʷ	◌s ◌ʷ	https://chridd.nfshost.com/diachronica/search?q=s%ca%b7						
sʲʷ	palatalized labialized voiceless alveolar sibilant fricative consonant	+	+	sʷʲ	◌s ◌ʲ ◌ʷ	https://chridd.nfshost.com/diachronica/search?q=s%ca%b7%ca%b2						
sʼʲʷ	palatalized labialized voiceless alveolar ejective sibilant fricative consonant	+	+	sʷʲʼ	◌s ◌ʼ ◌ʲ ◌ʷ	https://chridd.nfshost.com/diachronica/search?q=s%ca%b7%ca%b2%ca%bc						
sʼʷ	labialized voiceless alveolar ejective sibilant fricative consonant	+	+	sʷʼ	◌s ◌ʼ ◌ʷ	https://chridd.nfshost.com/diachronica/search?q=s%ca%b7%ca%bc						
sʷː	labialized long voiceless alveolar sibilant fricative consonant	+	+	sʷː	◌s ◌ʷ ◌ː	https://chridd.nfshost.com/diachronica/search?q=s%ca%b7%cb%90						
sʼ	voiceless alveolar ejective sibilant fricative consonant		+	sʼ	◌s ◌ʼ	https://chridd.nfshost.com/diachronica/search?q=s%ca%bc						
sʼʷ	labialized voiceless alveolar ejective sibilant fricative consonant	+	+	sʼʷ	◌s ◌ʼ ◌ʷ	https://chridd.nfshost.com/diachronica/search?q=s%ca%bc%ca%b7						
sː	long voiceless alveolar sibilant fricative consonant		+	sː	◌s ◌ː	https://chridd.nfshost.com/diachronica/search?q=s%cb%90						
sʼː	long voiceless alveolar ejective sibilant fricative consonant	+	+	sːʼ	◌s ◌ʼ ◌ː	https://chridd.nfshost.com/diachronica/search?q=s%cb%90%ca%bc						
sː	long voiceless alveolar sibilant fricative consonant		+	sːː	◌s ◌ː	https://chridd.nfshost.com/diachronica/search?q=s%cb%90%cb%90						
sˑ	mid-long voiceless alveolar sibilant fricative consonant	+	+	sˑ	◌s ◌ˑ	https://chridd.nfshost.com/diachronica/search?q=s%cb%91						
sˤ	pharyngealized voiceless alveolar sibilant fricative consonant	+	+	sˤ	◌s ◌ˤ	https://chridd.nfshost.com/diachronica/search?q=s%cb%a4						
ʃ	voiceless post-alveolar sibilant fricative consonant		+	š	◌ʃ	https://chridd.nfshost.com/diachronica/search?q=s%cc%8c						
s̩	syllabic voiceless alveolar sibilant fricative consonant		+	s̩	◌s ◌̩	https://chridd.nfshost.com/diachronica/search?q=s%cc%a9						
s̪	voiceless dental sibilant fricative consonant		+	s̪	◌s ◌̪	https://chridd.nfshost.com/diachronica/search?q=s%cc%aa						
s̺	voiceless apical alveolar sibilant fricative consonant	+	+	s̺	◌s ◌̺	https://chridd.nfshost.com/diachronica/search?q=s%cc%ba						
s̻	voiceless laminal alveolar sibilant fricative consonant		+	s̻	◌s ◌̻	https://chridd.nfshost.com/diachronica/search?q=s%cc%bb						
t	voiceless alveolar stop consonant		+	t	◌t	https://chridd.nfshost.com/diachronica/search?q=t						
tʰ	aspirated voiceless alveolar stop consonant		+	tʰ	◌t ◌ʰ	https://chridd.nfshost.com/diachronica/search?q=t%ca%b0						
tʲ	palatalized voiceless alveolar stop consonant		+	tʲ	◌t ◌ʲ	https://chridd.nfshost.com/diachronica/search?q=t%ca%b2						
tʼʲ	palatalized voiceless alveolar ejective stop consonant	+	+	tʲʼ	◌t ◌ʼ ◌ʲ	https://chridd.nfshost.com/diachronica/search?q=t%ca%b2%ca%bc						
tʷ	labialized voiceless alveolar stop consonant		+	tʷ	◌t ◌ʷ	https://chridd.nfshost.com/diachronica/search?q=t%ca%b7						
tʲʷ	palatalized labialized voiceless alveolar stop consonant	+	+	tʷʲ	◌t ◌ʲ ◌ʷ	https://chridd.nfshost.com/diachronica/search?q=t%ca%b7%ca%b2						
tʼʲʷ	palatalized labialized voiceless alveolar ejective stop consonant	+	+	tʷʲʼ	◌t ◌ʼ ◌ʲ ◌ʷ	https://chridd.nfshost.com/diachronica/search?q=t%ca%b7%ca%b2%ca%bc						
tʼʷ	labialized voiceless alveolar ejective stop consonant	+	+	tʷʼ	◌t ◌ʼ ◌ʷ	https://chridd.nfshost.com/diachronica/search?q=t%ca%b7%ca%bc						
tʷː	labialized long voiceless alveolar stop consonant	+	+	tʷː	◌t ◌ʷ ◌ː	https://chridd.nfshost.com/diachronica/search?q=t%ca%b7%cb%90						
tʼ	voiceless alveolar ejective stop consonant		+	tʼ	◌t ◌ʼ	https://chridd.nfshost.com/diachronica/search?q=t%ca%bc						
tː	long voiceless alveolar stop consonant		+	tː	◌t ◌ː	https://chridd.nfshost.com/diachronica/search?q=t%cb%90						
tˑ	mid-long voiceless alveolar stop consonant	+	+	tˑ	◌t ◌ˑ	https://chridd.nfshost.com/diachronica/search?q=t%cb%91						
tˤ	pharyngealized voiceless alveolar stop consonant		+	tˤ	◌t ◌ˤ	https://chridd.nfshost.com/diachronica/search?q=t%cb%a4						
t̪	voiceless dental stop consonant		+	t̪	◌t ◌̪	https://chridd.nfshost.com/diachronica/search?q=t%cc%aa						
t̪ʰ	aspirated voiceless dental stop consonant		+	t̪ʰ	◌t ◌̪ ◌ʰ	https://chridd.nfshost.com/diachronica/search?q=t%cc%aa%ca%b0						
t̪ː	long voiceless dental stop consonant		+	t̪ː	◌t ◌̪ ◌ː	https://chridd.nfshost.com/diachronica/search?q=t%cc%aa%cb%90						
t̼	voiceless linguolabial stop consonant		+	t̼	◌t ◌̼	https://chridd.nfshost.com/diachronica/search?q=t%cc%bc						
ts	voiceless alveolar sibilant affricate consonant		+	t͜s	◌t ◌s	https://chridd.nfshost.com/diachronica/search?q=t%cd%9cs						
u	rounded close back vowel		+	u	◌u	https://chridd.nfshost.com/diachronica/search?q=u						
uː	long rounded close back vowel		+	uː	◌u ◌ː	https://chridd.nfshost.com/diachronica/search?q=u%cb%90						
ú	rounded close back with-high_tone vowel	+	+	ú	◌u ◌́	https://chridd.nfshost.com/diachronica/search?q=u%cc%81						
û	rounded close back with-falling_tone vowel	+	+	û	◌u ◌̂	https://chridd.nfshost.com/diachronica/search?q=u%cc%82						
ũ	nasalized rounded close back vowel		+	ũ	◌u ◌̃	https://chridd.nfshost.com/diachronica/search?q=u%cc%83						
ũː	long nasalized rounded close back vowel		+	ũː	◌u ◌̃ ◌ː	https://chridd.nfshost.com/diachronica/search?q=u%cc%83%cb%90						
ŭ	ultra-short rounded close back vowel	+	+	ŭ	◌u ◌̆	https://chridd.nfshost.com/diachronica/search?q=u%cc%86						
u̯	non-syllabic rounded close back vowel	+	+	u̯	◌u ◌̯	https://chridd.nfshost.com/diachronica/search?q=u%cc%af						
ṵ	creaky rounded close back vowel		+	ṵ	◌u ◌̰	https://chridd.nfshost.com/diachronica/search?q=u%cc%b0						
v	voiced labio-dental fricative consonant		+	v	◌v	https://chridd.nfshost.com/diachronica/search?q=v						
vʷ	labialized voiced labio-dental fricative consonant	+	+	vʷ	◌v ◌ʷ	https://chridd.nfshost.com/diachronica/search?q=v%ca%b7						
vː	long voiced labio-dental fricative consonant		+	vː	◌v ◌ː	https://chridd.nfshost.com/diachronica/search?q=v%cb%90						
vˤ	pharyngealized voiced labio-dental fricative consonant	+	+	vˤ	◌v ◌ˤ	https://chridd.nfshost.com/diachronica/search?q=v%cb%a4						
v̩	syllabic voiced labio-dental fricative consonant		+	v̩	◌v ◌̩	https://chridd.nfshost.com/diachronica/search?q=v%cc%a9						
w	voiced labio-velar approximant consonant		+	w	◌w	https://chridd.nfshost.com/diachronica/search?q=w						
wʰ	aspirated voiced labio-velar approximant consonant	+	+	wʰ	◌w ◌ʰ	https://chridd.nfshost.com/diachronica/search?q=w%ca%b0						
wʲ	palatalized voiced labio-velar approximant consonant	+	+	wʲ	◌w ◌ʲ	https://chridd.nfshost.com/diachronica/search?q=w%ca%b2						
wˀ	glottalized voiced labio-velar approximant consonant	+	+	wˀ	◌w ◌ˀ	https://chridd.nfshost.com/diachronica/search?q=w%cb%80						
wː	long voiced labio-velar approximant consonant		+	wː	◌w ◌ː	https://chridd.nfshost.com/diachronica/search?q=w%cb%90						
w̃	nasalized voiced labio-velar approximant consonant		+	w̃	◌w ◌̃	https://chridd.nfshost.com/diachronica/search?q=w%cc%83						
w̥	devoiced voiced labio-velar approximant consonant	+	+	w̥	◌w ◌̥	https://chridd.nfshost.com/diachronica/search?q=w%cc%a5						
x	voiceless velar fricative consonant		+	x	◌x	https://chridd.nfshost.com/diachronica/search?q=x						
xʲ	palatalized voiceless velar fricative consonant		+	xʲ	◌x ◌ʲ	https://chridd.nfshost.com/diachronica/search?q=x%ca%b2						
xʲʷ	palatalized labialized voiceless velar fricative consonant	+	+	xʲʷ	◌x ◌ʲ ◌ʷ	https://chridd.nfshost.com/diachronica/search?q=x%ca%b2%ca%b7						
xʲː	palatalized long voiceless velar fricative consonant	+	+	xʲː	◌x ◌ʲ ◌ː	https://chridd.nfshost.com/diachronica/search?q=x%ca%b2%cb%90						
xʷ	labialized voiceless velar fricative consonant		+	xʷ	◌x ◌ʷ	https://chridd.nfshost.com/diachronica/search?q=x%ca%b7						
xʲʷ	palatalized labialized voiceless velar fricative consonant	+	+	xʷʲ	◌x ◌ʲ ◌ʷ	https://chridd.nfshost.com/diachronica/search?q=x%ca%b7%ca%b2						
xʼʷ	labialized voiceless velar ejective fricative consonant	+	+	xʷʼ	◌x ◌ʼ ◌ʷ	https://chridd.nfshost.com/diachronica/search?q=x%ca%b7%ca%bc						
xʼ	voiceless velar ejective fricative consonant		+	xʼ	◌x ◌ʼ	https://chridd.nfshost.com/diachronica/search?q=x%ca%bc						
xː	long voiceless velar fricative consonant	+	+	xː	◌x ◌ː	https://chridd.nfshost.com/diachronica/search?q=x%cb%90						
y	rounded close front vowel		+	y	◌y	https://chridd.nfshost.com/diachronica/search?q=y						
yː	long rounded close front vowel		+	yː	◌y ◌ː	https://chridd.nfshost.com/diachronica/search?q=y%cb%90						
ỹ	nasalized rounded close front vowel		+	ỹ	◌y ◌̃	https://chridd.nfshost.com/diachronica/search?q=y%cc%83						
z	voiced alveolar sibilant fricative consonant		+	z	◌z	https://chridd.nfshost.com/diachronica/search?q=z						
zʱ	breathy voiced alveolar sibilant fricative consonant	+	+	zʱ	◌z ◌ʱ	https://chridd.nfshost.com/diachronica/search?q=z%ca%b1						
zʲ	palatalized voiced alveolar sibilant fricative consonant		+	zʲ	◌z ◌ʲ	https://chridd.nfshost.com/diachronica/search?q=z%ca%b2						
zʲʷ	palatalized labialized voiced alveolar sibilant fricative consonant	+	+	zʲʷ	◌z ◌ʲ ◌ʷ	https://chridd.nfshost.com/diachronica/search?q=z%ca%b2%ca%b7						
zʷ	labialized voiced alveolar sibilant fricative consonant	+	+	zʷ	◌z ◌ʷ	https://chridd.nfshost.com/diachronica/search?q=z%ca%b7						
zʲʷ	palatalized labialized voiced alveolar sibilant fricative consonant	+	+	zʷʲ	◌z ◌ʲ ◌ʷ	https://chridd.nfshost.com/diachronica/search?q=z%ca%b7%ca%b2						
zː	long voiced alveolar sibilant fricative consonant	+	+	zː	◌z ◌ː	https://chridd.nfshost.com/diachronica/search?q=z%cb%90						
zˤ	pharyngealized voiced alveolar sibilant fricative consonant	+	+	zˤ	◌z ◌ˤ	https://chridd.nfshost.com/diachronica/search?q=z%cb%a4						
z̪	voiced dental sibilant fricative consonant		+	z̪	◌z ◌̪	https://chridd.nfshost.com/diachronica/search?q=z%cc%aa						
æ	unrounded near-open front vowel		+	æ	◌æ	https://chridd.nfshost.com/diachronica/search?q=%c3%a6						
æː	long unrounded near-open front vowel		+	æː	◌æ ◌ː	https://chridd.nfshost.com/diachronica/search?q=%c3%a6%cb%90						
æ̃	nasalized unrounded near-open front vowel		+	æ̃	◌æ ◌̃	https://chridd.nfshost.com/diachronica/search?q=%c3%a6%cc%83						
æ̆	ultra-short unrounded near-open front vowel	+	+	æ̆	◌æ ◌̆	https://chridd.nfshost.com/diachronica/search?q=%c3%a6%cc%86						
ç	voiceless palatal sibilant fricative consonant		+	ç	◌c ◌̧	https://chridd.nfshost.com/diachronica/search?q=%c3%a7						
çʼ	voiceless palatal ejective sibilant fricative consonant	+	+	çʼ	◌c ◌̧ ◌ʼ	https://chridd.nfshost.com/diachronica/search?q=%c3%a7%ca%bc						
ð	voiced dental fricative consonant		+	ð	◌ð	https://chridd.nfshost.com/diachronica/search?q=%c3%b0						
ðʲ	palatalized voiced dental fricative consonant	+	+	ðʲ	◌ð ◌ʲ	https://chridd.nfshost.com/diachronica/search?q=%c3%b0%ca%b2						
ðː	long voiced dental fricative consonant		+	ðː	◌ð ◌ː	https://chridd.nfshost.com/diachronica/search?q=%c3%b0%cb%90						
ðˤ	pharyngealized voiced dental fricative consonant	+	+	ðˤ	◌ð ◌ˤ	https://chridd.nfshost.com/diachronica/search?q=%c3%b0%cb%a4						
ø	rounded close-mid front vowel		+	ø	◌ø	https://chridd.nfshost.com/diachronica/search?q=%c3%b8						
øː	long rounded close-mid front vowel		+	øː	◌ø ◌ː	https://chridd.nfshost.com/diachronica/search?q=%c3%b8%cb%90						
ħ	voiceless pharyngeal fricative consonant		+	ħ	◌ħ	https://chridd.nfshost.com/diachronica/search?q=%c4%a7						
ħʷ	labialized voiceless pharyngeal fricative consonant	+	+	ħʷ	◌ħ ◌ʷ	https://chridd.nfshost.com/diachronica/search?q=%c4%a7%ca%b7						
lˠ	velarized voiced alveolar lateral approximant consonant		+	Ł	◌l ◌ˠ	https://chridd.nfshost.com/diachronica/search?q=%c5%81						
ŋ	voiced velar nasal consonant		+	ŋ	◌ŋ	https://chridd.nfshost.com/diachronica/search?q=%c5%8b						
ŋʷ	labialized voiced velar nasal consonant		+	ŋʷ	◌ŋ ◌ʷ	https://chridd.nfshost.com/diachronica/search?q=%c5%8b%ca%b7						
ŋː	long voiced velar nasal consonant		+	ŋː	◌ŋ ◌ː	https://chridd.nfshost.com/diachronica/search?q=%c5%8b%cb%90						
ŋ̊	devoiced voiced velar nasal consonant		+	ŋ̊	◌ŋ ◌̊	https://chridd.nfshost.com/diachronica/search?q=%c5%8b%cc%8a						
ŋ̍	syllabic voiced velar nasal consonant		+	ŋ̩	◌ŋ ◌̍	https://chridd.nfshost.com/diachronica/search?q=%c5%8b%cc%a9						
œ	rounded open-mid front vowel		+	œ	◌œ	https://chridd.nfshost.com/diachronica/search?q=%c5%93						
œː	long rounded open-mid front vowel		+	œː	◌œ ◌ː	https://chridd.nfshost.com/diachronica/search?q=%c5%93%cb%90						
œ̃	nasalized rounded open-mid front vowel		+	œ̃	◌œ ◌̃	https://chridd.nfshost.com/diachronica/search?q=%c5%93%cc%83						
ǀ	voiceless dental click consonant		+	ǀ	◌ǀ	https://chridd.nfshost.com/diachronica/search?q=%c7%80						
ǀʰ	aspirated voiceless dental click consonant	+	+	ǀʰ	◌ǀ ◌ʰ	https://chridd.nfshost.com/diachronica/search?q=%c7%80%ca%b0						
ǀˀ	glottalized voiceless dental click consonant	+	+	ǀˀ	◌ǀ ◌ˀ	https://chridd.nfshost.com/diachronica/search?q=%c7%80%cb%80						
ǀ̃	nasalized voiceless dental click consonant	+	+	ǀ̃	◌ǀ ◌̃	https://chridd.nfshost.com/diachronica/search?q=%c7%80%cc%83						
ǁ	voiceless alveolar lateral click consonant		+	ǁ	◌ǁ	https://chridd.nfshost.com/diachronica/search?q=%c7%81						
ǁˀ	glottalized voiceless alveolar lateral click consonant	+	+	ǁˀ	◌ǁ ◌ˀ	https://chridd.nfshost.com/diachronica/search?q=%c7%81%cb%80						
ǂ	voiceless palatal click consonant		+	ǂ	◌ǂ	https://chridd.nfshost.com/diachronica/search?q=%c7%82						
ǂˀ	glottalized voiceless palatal click consonant	+	+	ǂˀ	◌ǂ ◌ˀ	https://chridd.nfshost.com/diachronica/search?q=%c7%82%cb%80						
ǂ̃	nasalized voiceless palatal click consonant	+	+	ǂ̃	◌ǂ ◌̃	https://chridd.nfshost.com/diachronica/search?q=%c7%82%cc%83						
ǃ	voiceless alveolar click consonant		+	ǃ	◌ǃ	https://chridd.nfshost.com/diachronica/search?q=%c7%83						
ǃˀ	glottalized voiceless alveolar click consonant	+	+	ǃˀ	◌ǃ ◌ˀ	https://chridd.nfshost.com/diachronica/search?q=%c7%83%cb%80						
ǃ̃	nasalized voiceless alveolar click consonant	+	+	ǃ̃	◌ǃ ◌̃	https://chridd.nfshost.com/diachronica/search?q=%c7%83%cc%83						
ǃ̬	revoiced voiceless alveolar click consonant	+	+	ǃ̬	◌ǃ ◌̬	https://chridd.nfshost.com/diachronica/search?q=%c7%83%cc%ac						
ȵ	voiced alveolo-palatal nasal consonant		+	ȵ	◌ȵ	https://chridd.nfshost.com/diachronica/search?q=%c8%b5						
ɐ	unrounded near-open central vowel		+	ɐ	◌ɐ	https://chridd.nfshost.com/diachronica/search?q=%c9%90						
ɑ	unrounded open back vowel		+	ɑ	◌ɑ	https://chridd.nfshost.com/diachronica/search?q=%c9%91						
ɑː	long unrounded open back vowel		+	ɑː	◌ɑ ◌ː	https://chridd.nfshost.com/diachronica/search?q=%c9%91%cb%90						
ɑ́	unrounded open back with-high_tone vowel	+	+	ɑ́	◌ɑ ◌́	https://chridd.nfshost.com/diachronica/search?q=%c9%91%cc%81						
ɑ̃	nasalized unrounded open back vowel		+	ɑ̃	◌ɑ ◌̃	https://chridd.nfshost.com/diachronica/search?q=%c9%91%cc%83						
ɑ̃ː	long nasalized unrounded open back vowel		+	ɑ̃ː	◌ɑ ◌̃ ◌ː	https://chridd.nfshost.com/diachronica/search?q=%c9%91%cc%83%cb%90						
ɑ̄	unrounded open back with-mid_tone vowel	+	+	ɑ̄	◌ɑ ◌̄	https://chridd.nfshost.com/diachronica/search?q=%c9%91%cc%84						
ɒ	rounded open back vowel		+	ɒ	◌ɒ	https://chridd.nfshost.com/diachronica/search?q=%c9%92						
ɒː	long rounded open back vowel		+	ɒː	◌ɒ ◌ː	https://chridd.nfshost.com/diachronica/search?q=%c9%92%cb%90						
ɓ	voiced bilabial implosive consonant		+	ɓ	◌ɓ	https://chridd.nfshost.com/diachronica/search?q=%c9%93						
ɔ	rounded open-mid back vowel		+	ɔ	◌ɔ	https://chridd.nfshost.com/diachronica/search?q=%c9%94						
ɔː	long rounded open-mid back vowel		+	ɔː	◌ɔ ◌ː	https://chridd.nfshost.com/diachronica/search?q=%c9%94%cb%90						
ɔ̃	nasalized rounded open-mid back vowel		+	ɔ̃	◌ɔ ◌̃	https://chridd.nfshost.com/diachronica/search?q=%c9%94%cc%83						
ɔ̃ː	long nasalized rounded open-mid back vowel		+	ɔ̃ː	◌ɔ ◌̃ ◌ː	https://chridd.nfshost.com/diachronica/search?q=%c9%94%cc%83%cb%90						
ɔ̯	non-syllabic rounded open-mid back vowel		+	ɔ̯	◌ɔ ◌̯	https://chridd.nfshost.com/diachronica/search?q=%c9%94%cc%af						
ɔ̰	creaky rounded open-mid back vowel		+	ɔ̰	◌ɔ ◌̰	https://chridd.nfshost.com/diachronica/search?q=%c9%94%cc%b0						
ɕ	voiceless alveolo-palatal sibilant fricative consonant		+	ɕ	◌ɕ	https://chridd.nfshost.com/diachronica/search?q=%c9%95						
ɕʰ	aspirated voiceless alveolo-palatal sibilant fricative consonant	+	+	ɕʰ	◌ɕ ◌ʰ	https://chridd.nfshost.com/diachronica/search?q=%c9%95%ca%b0						
ɕʷ	labialized voiceless alveolo-palatal sibilant fricative consonant	+	+	ɕʷ	◌ɕ ◌ʷ	https://chridd.nfshost.com/diachronica/search?q=%c9%95%ca%b7						
ɕʼʷ	labialized voiceless alveolo-palatal ejective sibilant fricative consonant	+	+	ɕʷʼ	◌ɕ ◌ʼ ◌ʷ	https://chridd.nfshost.com/diachronica/search?q=%c9%95%ca%b7%ca%bc						
ɕʷː	labialized long voiceless alveolo-palatal sibilant fricative consonant	+	+	ɕʷː	◌ɕ ◌ʷ ◌ː	https://chridd.nfshost.com/diachronica/search?q=%c9%95%ca%b7%cb%90						
ɕʼ	voiceless alveolo-palatal ejective sibilant fricative consonant	+	+	ɕʼ	◌ɕ ◌ʼ	https://chridd.nfshost.com/diachronica/search?q=%c9%95%ca%bc						
ɕː	long voiceless alveolo-palatal sibilant fricative consonant	+	+	ɕː	◌ɕ ◌ː	https://chridd.nfshost.com/diachronica/search?q=%c9%95%cb%90						
ɕ	voiceless alveolo-palatal sibilant fricative consonant		+	ɕ͡	◌ɕ	https://chridd.nfshost.com/diachronica/search?q=%c9%95%cd%a1						
ɕʰ	aspirated voiceless alveolo-palatal sibilant fricative consonant	+	+	ɕ͡ʰ	◌ɕ ◌ʰ	https://chridd.nfshost.com/diachronica/search?q=%c9%95%cd%a1%ca%b0						
ɖ	voiced retroflex stop consonant		+	ɖ	◌ɖ	https://chridd.nfshost.com/diachronica/search?q=%c9%96						
ɖʱ	breathy voiced retroflex stop consonant		+	ɖʱ	◌ɖ ◌ʱ	https://chridd.nfshost.com/diachronica/search?q=%c9%96%ca%b1						
ɖː	long voiced retroflex stop consonant	+	+	ɖː	◌ɖ ◌ː	https://chridd.nfshost.com/diachronica/search?q=%c9%96%cb%90						
ɗ	voiced dental implosive consonant		+	ɗ	◌ɗ	https://chridd.nfshost.com/diachronica/search?q=%c9%97						
ɘ	unrounded close-mid central vowel		+	ɘ	◌ɘ	https://chridd.nfshost.com/diachronica/search?q=%c9%98						
ə	unrounded mid central vowel		+	ə	◌ə	https://chridd.nfshost.com/diachronica/search?q=%c9%99						
əː	long unrounded mid central vowel		+	əː	◌ə ◌ː	https://chridd.nfshost.com/diachronica/search?q=%c9%99%cb%90						
ə́	unrounded mid central with-high_tone vowel	+	+	ə́	◌ə ◌́	https://chridd.nfshost.com/diachronica/search?q=%c9%99%cc%81						
ə̃	nasalized unrounded mid central vowel		+	ə̃	◌ə ◌̃	https://chridd.nfshost.com/diachronica/search?q=%c9%99%cc%83						
ə̃ː	long nasalized unrounded mid central vowel		+	ə̃ː	◌ə ◌̃ ◌ː	https://chridd.nfshost.com/diachronica/search?q=%c9%99%cc%83%cb%90						
ə̄	unrounded mid central with-mid_tone vowel	+	+	ə̄	◌ə ◌̄	https://chridd.nfshost.com/diachronica/search?q=%c9%99%cc%84						
ə̆	ultra-short unrounded mid central vowel		+	ə̆	◌ə ◌̆	https://chridd.nfshost.com/diachronica/search?q=%c9%99%cc%86						
ə̯	non-syllabic unrounded mid central vowel	+	+	ə̯	◌ə ◌̯	https://chridd.nfshost.com/diachronica/search?q=%c9%99%cc%af						
ə̰	creaky unrounded mid central vowel		+	ə̰	◌ə ◌̰	https://chridd.nfshost.com/diachronica/search?q=%c9%99%cc%b0						
ə˞	rhotacized unrounded mid central vowel		+	ɚ	◌ə ◌˞	https://chridd.nfshost.com/diachronica/search?q=%c9%9a						
ɛ	unrounded open-mid front vowel		+	ɛ	◌ɛ	https://chridd.nfshost.com/diachronica/search?q=%c9%9b						
ɛː	long unrounded open-mid front vowel		+	ɛː	◌ɛ ◌ː	https://chridd.nfshost.com/diachronica/search?q=%c9%9b%cb%90						
ɛ̃	nasalized unrounded open-mid front vowel		+	ɛ̃	◌ɛ ◌̃	https://chridd.nfshost.com/diachronica/search?q=%c9%9b%cc%83						
ɛ̃ː	long nasalized unrounded open-mid front vowel		+	ɛ̃ː	◌ɛ ◌̃ ◌ː	https://chridd.nfshost.com/diachronica/search?q=%c9%9b%cc%83%cb%90						
ɜ	unrounded open-mid central vowel		+	ɜ	◌ɜ	https://chridd.nfshost.com/diachronica/search?q=%c9%9c						
ɜː	long unrounded open-mid central vowel		+	ɜː	◌ɜ ◌ː	https://chridd.nfshost.com/diachronica/search?q=%c9%9c%cb%90						
ɟ	voiced palatal stop consonant		+	ɟ	◌ɟ	https://chridd.nfshost.com/diachronica/search?q=%c9%9f						
ɟʱ	breathy voiced palatal stop consonant	+	+	ɟʱ	◌ɟ ◌ʱ	https://chridd.nfshost.com/diachronica/search?q=%c9%9f%ca%b1						
ɟː	long voiced palatal stop consonant	+	+	ɟː	◌ɟ ◌ː	https://chridd.nfshost.com/diachronica/search?q=%c9%9f%cb%90						
ɠʷ	labialized voiced velar implosive consonant	+	+	ɠʷ	◌ɠ ◌ʷ	https://chridd.nfshost.com/diachronica/search?q=%c9%a0%ca%b7						
ɠ̥	devoiced voiced velar implosive consonant	+	+	ɠ̥	◌ɠ ◌̥	https://chridd.nfshost.com/diachronica/search?q=%c9%a0%cc%a5						
g	voiced velar stop consonant		+	ɡ	◌g	https://chridd.nfshost.com/diachronica/search?q=%c9%a1						
gʰ	aspirated voiced velar stop consonant		+	ɡʰ	◌g ◌ʰ	https://chridd.nfshost.com/diachronica/search?q=%c9%a1%ca%b0						
gʱ	breathy voiced velar stop consonant		+	ɡʱ	◌g ◌ʱ	https://chridd.nfshost.com/diachronica/search?q=%c9%a1%ca%b1						
gʲ	palatalized voiced velar stop consonant		+	ɡʲ	◌g ◌ʲ	https://chridd.nfshost.com/diachronica/search?q=%c9%a1%ca%b2						
gʲʷ	palatalized labialized voiced velar stop consonant	+	+	ɡʲʷ	◌g ◌ʲ ◌ʷ	https://chridd.nfshost.com/diachronica/search?q=%c9%a1%ca%b2%ca%b7						
gʷ	labialized voiced velar stop consonant		+	ɡʷ	◌g ◌ʷ	https://chridd.nfshost.com/diachronica/search?q=%c9%a1%ca%b7						
gʷʰ	labialized aspirated voiced velar stop consonant	+	+	ɡʷʰ	◌g ◌ʷ ◌ʰ	https://chridd.nfshost.com/diachronica/search?q=%c9%a1%ca%b7%ca%b0						
gʷʱ	labialized breathy voiced velar stop consonant	+	+	ɡʷʱ	◌g ◌ʷ ◌ʱ	https://chridd.nfshost.com/diachronica/search?q=%c9%a1%ca%b7%ca%b1						
gʼ	voiced velar ejective stop consonant	+	+	ɡʼ	◌g ◌ʼ	https://chridd.nfshost.com/diachronica/search?q=%c9%a1%ca%bc						
gː	long voiced velar stop consonant		+	ɡː	◌g ◌ː	https://chridd.nfshost.com/diachronica/search?q=%c9%a1%cb%90						
gʲ	palatalized voiced velar stop consonant		+	ɡ́	◌g ◌ʲ	https://chridd.nfshost.com/diachronica/search?q=%c9%a1%cc%81						
gʲʰ	palatalized aspirated voiced velar stop consonant	+	+	ɡ́ʰ	◌g ◌ʲ ◌ʰ	https://chridd.nfshost.com/diachronica/search?q=%c9%a1%cc%81%ca%b0						
gʲʰ	palatalized aspirated voiced velar stop consonant	+	+	ɡ́ʱ	◌g ◌ʲ ◌ʰ	https://chridd.nfshost.com/diachronica/search?q=%c9%a1%cc%81%ca%b1						
g̚	unreleased voiced velar stop consonant	+	+	ɡ̚	◌g ◌̚	https://chridd.nfshost.com/diachronica/search?q=%c9%a1%cc%9a						
ɢ	voiced uvular stop consonant		+	ɢ	◌ɢ	https://chridd.nfshost.com/diachronica/search?q=%c9%a2						
ɢʲ	palatalized voiced uvular stop consonant	+	+	ɢʲ	◌ɢ ◌ʲ	https://chridd.nfshost.com/diachronica/search?q=%c9%a2%ca%b2						
ɢʲʷ	palatalized labialized voiced uvular stop consonant	+	+	ɢʲʷ	◌ɢ ◌ʲ ◌ʷ	https://chridd.nfshost.com/diachronica/search?q=%c9%a2%ca%b2%ca%b7						
ɢʷ	labialized voiced uvular stop consonant	+	+	ɢʷ	◌ɢ ◌ʷ	https://chridd.nfshost.com/diachronica/search?q=%c9%a2%ca%b7						
ɢʷʰ	labialized aspirated voiced uvular stop consonant	+	+	ɢʷʰ	◌ɢ ◌ʷ ◌ʰ	https://chridd.nfshost.com/diachronica/search?q=%c9%a2%ca%b7%ca%b0						
ɢ	voiced uvular stop consonant		+	ɢ͜	◌ɢ	https://chridd.nfshost.com/diachronica/search?q=%c9%a2%cd%9c						
ɢ	voiced uvular stop consonant		+	ɢ͡	◌ɢ	https://chridd.nfshost.com/diachronica/search?q=%c9%a2%cd%a1						
ɣ	voiced velar fricative consonant		+	ɣ	◌ɣ	https://chridd.nfshost.com/diachronica/search?q=%c9%a3						
ɣʲ	palatalized voiced velar fricative consonant	+	+	ɣʲ	◌ɣ ◌ʲ	https://chridd.nfshost.com/diachronica/search?q=%c9%a3%ca%b2						
ɣʲʷ	palatalized labialized voiced velar fricative consonant	+	+	ɣʲʷ	◌ɣ ◌ʲ ◌ʷ	https://chridd.nfshost.com/diachronica/search?q=%c9%a3%ca%b2%ca%b7						
ɣʷ	labialized voiced velar fricative consonant		+	ɣʷ	◌ɣ ◌ʷ	https://chridd.nfshost.com/diachronica/search?q=%c9%a3%ca%b7						
ɣʲʷ	palatalized labialized voiced velar fricative consonant	+	+	ɣʷʲ	◌ɣ ◌ʲ ◌ʷ	https://chridd.nfshost.com/diachronica/search?q=%c9%a3%ca%b7%ca%b2						
ɣː	long voiced velar fricative consonant	+	+	ɣː	◌ɣ ◌ː	https://chridd.nfshost.com/diachronica/search?q=%c9%a3%cb%90						
ɤ	unrounded close-mid back vowel		+	ɤ	◌ɤ	https://chridd.nfshost.com/diachronica/search?q=%c9%a4						
ɤː	long unrounded close-mid back vowel		+	ɤː	◌ɤ ◌ː	https://chridd.nfshost.com/diachronica/search?q=%c9%a4%cb%90						
ɥ	voiced labio-palatal approximant consonant		+	ɥ	◌ɥ	https://chridd.nfshost.com/diachronica/search?q=%c9%a5						
ɥ̃	nasalized voiced labio-palatal approximant consonant	+	+	ɥ̃	◌ɥ ◌̃	https://chridd.nfshost.com/diachronica/search?q=%c9%a5%cc%83						
ɦ	voiced glottal fricative consonant		+	ɦ	◌ɦ	https://chridd.nfshost.com/diachronica/search?q=%c9%a6						
ɨ	unrounded close central vowel		+	ɨ	◌ɨ	https://chridd.nfshost.com/diachronica/search?q=%c9%a8						
ɨː	long unrounded close central vowel		+	ɨː	◌ɨ ◌ː	https://chridd.nfshost.com/diachronica/search?q=%c9%a8%cb%90						
ɨ̃	nasalized unrounded close central vowel		+	ɨ̃	◌ɨ ◌̃	https://chridd.nfshost.com/diachronica/search?q=%c9%a8%cc%83						
ɨ̃ː	long nasalized unrounded close central vowel		+	ɨ̃ː	◌ɨ ◌̃ ◌ː	https://chridd.nfshost.com/diachronica/search?q=%c9%a8%cc%83%cb%90						
ɨ̆	ultra-short unrounded close central vowel	+	+	ɨ̆	◌ɨ ◌̆	https://chridd.nfshost.com/diachronica/search?q=%c9%a8%cc%86						
ɨ̯	non-syllabic unrounded close central vowel	+	+	ɨ̯	◌ɨ ◌̯	https://chridd.nfshost.com/diachronica/search?q=%c9%a8%cc%af						
ɨ̰	creaky unrounded close central vowel	+	+	ɨ̰	◌ɨ ◌̰	https://chridd.nfshost.com/diachronica/search?q=%c9%a8%cc%b0						
ɪ	unrounded near-close near-front vowel		+	ɪ	◌ɪ	https://chridd.nfshost.com/diachronica/search?q=%c9%aa						
ɪː	long unrounded near-close near-front vowel		+	ɪː	◌ɪ ◌ː	https://chridd.nfshost.com/diachronica/search?q=%c9%aa%cb%90						
ɪ̃	nasalized unrounded near-close near-front vowel		+	ɪ̃	◌ɪ ◌̃	https://chridd.nfshost.com/diachronica/search?q=%c9%aa%cc%83						
ɪ̞	lowered unrounded near-close near-front vowel	+	+	ɪ̞	◌ɪ ◌̞	https://chridd.nfshost.com/diachronica/search?q=%c9%aa%cc%9e						
lˠ	velarized voiced alveolar lateral approximant consonant		+	ɫ	◌l ◌ˠ	https://chridd.nfshost.com/diachronica/search?q=%c9%ab						
ɬ	voiceless alveolar lateral fricative consonant		+	ɬ	◌ɬ	https://chridd.nfshost.com/diachronica/search?q=%c9%ac						
ɬʰ	aspirated voiceless alveolar lateral fricative consonant	+	+	ɬʰ	◌ɬ ◌ʰ	https://chridd.nfshost.com/diachronica/search?q=%c9%ac%ca%b0						
ɬʲ	palatalized voiceless alveolar lateral fricative consonant	+	+	ɬʲ	◌ɬ ◌ʲ	https://chridd.nfshost.com/diachronica/search?q=%c9%ac%ca%b2						
ɬʲʷ	palatalized labialized voiceless alveolar lateral fricative consonant	+	+	ɬʲʷ	◌ɬ ◌ʲ ◌ʷ	https://chridd.nfshost.com/diachronica/search?q=%c9%ac%ca%b2%ca%b7						
ɬʲʷː	palatalized labialized long voiceless alveolar lateral fricative consonant	+	+	ɬʲʷː	◌ɬ ◌ʲ ◌ʷ ◌ː	https://chridd.nfshost.com/diachronica/search?q=%c9%ac%ca%b2%ca%b7%cb%90						
ɬʼʲ	palatalized voiceless alveolar ejective lateral fricative consonant	+	+	ɬʲʼ	◌ɬ ◌ʼ ◌ʲ	https://chridd.nfshost.com/diachronica/search?q=%c9%ac%ca%b2%ca%bc						
ɬʼʲː	palatalized long voiceless alveolar ejective lateral fricative consonant	+	+	ɬʲʼː	◌ɬ ◌ʼ ◌ʲ ◌ː	https://chridd.nfshost.com/diachronica/search?q=%c9%ac%ca%b2%ca%bc%cb%90						
ɬʷ	labialized voiceless alveolar lateral fricative consonant	+	+	ɬʷ	◌ɬ ◌ʷ	https://chridd.nfshost.com/diachronica/search?q=%c9%ac%ca%b7						
ɬʲʷ	palatalized labialized voiceless alveolar lateral fricative consonant	+	+	ɬʷʲ	◌ɬ ◌ʲ ◌ʷ	https://chridd.nfshost.com/diachronica/search?q=%c9%ac%ca%b7%ca%b2						
ɬʼʲʷ	palatalized labialized voiceless alveolar ejective lateral fricative consonant	+	+	ɬʷʲʼ	◌ɬ ◌ʼ ◌ʲ ◌ʷ	https://chridd.nfshost.com/diachronica/search?q=%c9%ac%ca%b7%ca%b2%ca%bc						
ɬʲʷː	palatalized labialized long voiceless alveolar lateral fricative consonant	+	+	ɬʷʲː	◌ɬ ◌ʲ ◌ʷ ◌ː	https://chridd.nfshost.com/diachronica/search?q=%c9%ac%ca%b7%ca%b2%cb%90						
ɬʼʷ	labialized voiceless alveolar ejective lateral fricative consonant	+	+	ɬʷʼ	◌ɬ ◌ʼ ◌ʷ	https://chridd.nfshost.com/diachronica/search?q=%c9%ac%ca%b7%ca%bc						
ɬʷː	labialized long voiceless alveolar lateral fricative consonant	+	+	ɬʷː	◌ɬ ◌ʷ ◌ː	https://chridd.nfshost.com/diachronica/search?q=%c9%ac%ca%b7%cb%90						
ɬʼ	voiceless alveolar ejective lateral fricative consonant		+	ɬʼ	◌ɬ ◌ʼ	https://chridd.nfshost.com/diachronica/search?q=%c9%ac%ca%bc						
ɬː	long voiceless alveolar lateral fricative consonant	+	+	ɬː	◌ɬ ◌ː	https://chridd.nfshost.com/diachronica/search?q=%c9%ac%cb%90						
ɬʼː	long voiceless alveolar ejective lateral fricative consonant	+	+	ɬːʼ	◌ɬ ◌ʼ ◌ː	https://chridd.nfshost.com/diachronica/search?q=%c9%ac%cb%90%ca%bc						
ɬˤ	pharyngealized voiceless alveolar lateral fricative consonant	+	+	ɬˤ	◌ɬ ◌ˤ	https://chridd.nfshost.com/diachronica/search?q=%c9%ac%cb%a4						
ɭ	voiced retroflex lateral approximant consonant		+	ɭ	◌ɭ	https://chridd.nfshost.com/diachronica/search?q=%c9%ad						
ɭʱ	breathy voiced retroflex lateral approximant consonant	+	+	ɭʱ	◌ɭ ◌ʱ	https://chridd.nfshost.com/diachronica/search?q=%c9%ad%ca%b1						
ɭː	long voiced retroflex lateral approximant consonant	+	+	ɭː	◌ɭ ◌ː	https://chridd.nfshost.com/diachronica/search?q=%c9%ad%cb%90						
ɮ	voiced alveolar lateral fricative consonant		+	ɮ	◌ɮ	https://chridd.nfshost.com/diachronica/search?q=%c9%ae						
ɮʲ	palatalized voiced alveolar lateral fricative consonant	+	+	ɮʲ	◌ɮ ◌ʲ	https://chridd.nfshost.com/diachronica/search?q=%c9%ae%ca%b2						
ɮʲʷ	palatalized labialized voiced alveolar lateral fricative consonant	+	+	ɮʲʷ	◌ɮ ◌ʲ ◌ʷ	https://chridd.nfshost.com/diachronica/search?q=%c9%ae%ca%b2%ca%b7						
ɮʷ	labialized voiced alveolar lateral fricative consonant	+	+	ɮʷ	◌ɮ ◌ʷ	https://chridd.nfshost.com/diachronica/search?q=%c9%ae%ca%b7						
ɮʲʷ	palatalized labialized voiced alveolar lateral fricative consonant	+	+	ɮʷʲ	◌ɮ ◌ʲ ◌ʷ	https://chridd.nfshost.com/diachronica/search?q=%c9%ae%ca%b7%ca%b2						
ɯ	unrounded close back vowel		+	ɯ	◌ɯ	https://chridd.nfshost.com/diachronica/search?q=%c9%af						
ɯː	long unrounded close back vowel		+	ɯː	◌ɯ ◌ː	https://chridd.nfshost.com/diachronica/search?q=%c9%af%cb%90						
ɰ	voiced velar approximant consonant		+	ɰ	◌ɰ	https://chridd.nfshost.com/diachronica/search?q=%c9%b0						
ɰ̃	nasalized voiced velar approximant consonant	+	+	ɰ̃	◌ɰ ◌̃	https://chridd.nfshost.com/diachronica/search?q=%c9%b0%cc%83						
ɱ	voiced labio-dental nasal consonant		+	ɱ	◌ɱ	https://chridd.nfshost.com/diachronica/search?q=%c9%b1						
ɲ	voiced palatal nasal consonant		+	ɲ	◌ɲ	https://chridd.nfshost.com/diachronica/search?q=%c9%b2						
ɲː	long voiced palatal nasal consonant		+	ɲː	◌ɲ ◌ː	https://chridd.nfshost.com/diachronica/search?q=%c9%b2%cb%90						
ɲ̊	devoiced voiced palatal nasal consonant		+	ɲ̊	◌ɲ ◌̊	https://chridd.nfshost.com/diachronica/search?q=%c9%b2%cc%8a						
ɳ	voiced retroflex nasal consonant		+	ɳ	◌ɳ	https://chridd.nfshost.com/diachronica/search?q=%c9%b3						
ɳː	long voiced retroflex nasal consonant	+	+	ɳː	◌ɳ ◌ː	https://chridd.nfshost.com/diachronica/search?q=%c9%b3%cb%90						
ɴ	voiced uvular nasal consonant		+	ɴ	◌ɴ	https://chridd.nfshost.com/diachronica/search?q=%c9%b4						
ɵ	rounded close-mid central vowel		+	ɵ	◌ɵ	https://chridd.nfshost.com/diachronica/search?q=%c9%b5						
ɵː	long rounded close-mid central vowel		+	ɵː	◌ɵ ◌ː	https://chridd.nfshost.com/diachronica/search?q=%c9%b5%cb%90						
ɸ	voiceless bilabial fricative consonant		+	ɸ	◌ɸ	https://chridd.nfshost.com/diachronica/search?q=%c9%b8						
ɸʰ	aspirated voiceless bilabial fricative consonant	+	+	ɸʰ	◌ɸ ◌ʰ	https://chridd.nfshost.com/diachronica/search?q=%c9%b8%ca%b0						
ɸʼ	voiceless bilabial ejective fricative consonant	+	+	ɸʼ	◌ɸ ◌ʼ	https://chridd.nfshost.com/diachronica/search?q=%c9%b8%ca%bc						
ɹ	voiced alveolar approximant consonant		+	ɹ	◌ɹ	https://chridd.nfshost.com/diachronica/search?q=%c9%b9						
ɻ	voiced retroflex approximant consonant		+	ɻ	◌ɻ	https://chridd.nfshost.com/diachronica/search?q=%c9%bb						
ɽ	voiced retroflex tap consonant		+	ɽ	◌ɽ	https://chridd.nfshost.com/diachronica/search?q=%c9%bd						
ɾ	voiced alveolar tap consonant		+	ɾ	◌ɾ	https://chridd.nfshost.com/diachronica/search?q=%c9%be						
ɾ̥	devoiced voiced alveolar tap consonant		+	ɾ̥	◌ɾ ◌̥	https://chridd.nfshost.com/diachronica/search?q=%c9%be%cc%a5						
ɿ	unrounded close with-friction back vowel		+	ɿ	◌ɿ	https://chridd.nfshost.com/diachronica/search?q=%c9%bf						
ʀ	voiced uvular trill consonant		+	ʀ	◌ʀ	https://chridd.nfshost.com/diachronica/search?q=%ca%80						
ʁ	voiced uvular fricative consonant		+	ʁ	◌ʁ	https://chridd.nfshost.com/diachronica/search?q=%ca%81						
ʁʲ	palatalized voiced uvular fricative consonant	+	+	ʁʲ	◌ʁ ◌ʲ	https://chridd.nfshost.com/diachronica/search?q=%ca%81%ca%b2						
ʁʲʷ	palatalized labialized voiced uvular fricative consonant	+	+	ʁʲʷ	◌ʁ ◌ʲ ◌ʷ	https://chridd.nfshost.com/diachronica/search?q=%ca%81%ca%b2%ca%b7						
ʁʷ	labialized voiced uvular fricative consonant	+	+	ʁʷ	◌ʁ ◌ʷ	https://chridd.nfshost.com/diachronica/search?q=%ca%81%ca%b7						
ʁʲʷ	palatalized labialized voiced uvular fricative consonant	+	+	ʁʷʲ	◌ʁ ◌ʲ ◌ʷ	https://chridd.nfshost.com/diachronica/search?q=%ca%81%ca%b7%ca%b2						
ʁː	long voiced uvular fricative consonant	+	+	ʁː	◌ʁ ◌ː	https://chridd.nfshost.com/diachronica/search?q=%ca%81%cb%90						
ʁˤ	pharyngealized voiced uvular fricative consonant	+	+	ʁˤ	◌ʁ ◌ˤ	https://chridd.nfshost.com/diachronica/search?q=%ca%81%cb%a4						
ʁʲˤ	palatalized pharyngealized voiced uvular fricative consonant	+	+	ʁˤʲ	◌ʁ ◌ʲ ◌ˤ	https://chridd.nfshost.com/diachronica/search?q=%ca%81%cb%a4%ca%b2						
ʁʲʷˤ	palatalized labialized pharyngealized voiced uvular fricative consonant	+	+	ʁˤʲʷ	◌ʁ ◌ʲ ◌ʷ ◌ˤ	https://chridd.nfshost.com/diachronica/search?q=%ca%81%cb%a4%ca%b2%ca%b7						
ʁʷˤ	labialized pharyngealized voiced uvular fricative consonant	+	+	ʁˤʷ	◌ʁ ◌ʷ ◌ˤ	https://chridd.nfshost.com/diachronica/search?q=%ca%81%cb%a4%ca%b7						
ʁʲʷˤ	palatalized labialized pharyngealized voiced uvular fricative consonant	+	+	ʁˤʷʲ	◌ʁ ◌ʲ ◌ʷ ◌ˤ	https://chridd.nfshost.com/diachronica/search?q=%ca%81%cb%a4%ca%b7%ca%b2						
ʂ	voiceless retroflex sibilant fricative consonant		+	ʂ	◌ʂ	https://chridd.nfshost.com/diachronica/search?q=%ca%82						
ʂʰ	aspirated voiceless retroflex sibilant fricative consonant	+	+	ʂʰ	◌ʂ ◌ʰ	https://chridd.nfshost.com/diachronica/search?q=%ca%82%ca%b0						
ʂʷ	labialized voiceless retroflex sibilant fricative consonant	+	+	ʂʷ	◌ʂ ◌ʷ	https://chridd.nfshost.com/diachronica/search?q=%ca%82%ca%b7						
ʂʼ	voiceless retroflex ejective sibilant fricative consonant	+	+	ʂʼ	◌ʂ ◌ʼ	https://chridd.nfshost.com/diachronica/search?q=%ca%82%ca%bc						
ʂː	long voiceless retroflex sibilant fricative consonant	+	+	ʂː	◌ʂ ◌ː	https://chridd.nfshost.com/diachronica/search?q=%ca%82%cb%90						
ʃ	voiceless post-alveolar sibilant fricative consonant		+	ʃ	◌ʃ	https://chridd.nfshost.com/diachronica/search?q=%ca%83						
ʃʰ	aspirated voiceless post-alveolar sibilant fricative consonant	+	+	ʃʰ	◌ʃ ◌ʰ	https://chridd.nfshost.com/diachronica/search?q=%ca%83%ca%b0						
ʃʲ	palatalized voiceless post-alveolar sibilant fricative consonant		+	ʃʲ	◌ʃ ◌ʲ	https://chridd.nfshost.com/diachronica/search?q=%ca%83%ca%b2						
ʃʼʲ	palatalized voiceless post-alveolar ejective sibilant fricative consonant	+	+	ʃʲʼ	◌ʃ ◌ʼ ◌ʲ	https://chridd.nfshost.com/diachronica/search?q=%ca%83%ca%b2%ca%bc						
ʃʷ	labialized voiceless post-alveolar sibilant fricative consonant	+	+	ʃʷ	◌ʃ ◌ʷ	https://chridd.nfshost.com/diachronica/search?q=%ca%83%ca%b7						
ʃʷʰ	labialized aspirated voiceless post-alveolar sibilant fricative consonant	+	+	ʃʷʰ	◌ʃ ◌ʷ ◌ʰ	https://chridd.nfshost.com/diachronica/search?q=%ca%83%ca%b7%ca%b0						
ʃʼʷ	labialized voiceless post-alveolar ejective sibilant fricative consonant	+	+	ʃʷʼ	◌ʃ ◌ʼ ◌ʷ	https://chridd.nfshost.com/diachronica/search?q=%ca%83%ca%b7%ca%bc						
ʃʷː	labialized long voiceless post-alveolar sibilant fricative consonant	+	+	ʃʷː	◌ʃ ◌ʷ ◌ː	https://chridd.nfshost.com/diachronica/search?q=%ca%83%ca%b7%cb%90						
ʃʼ	voiceless post-alveolar ejective sibilant fricative consonant		+	ʃʼ	◌ʃ ◌ʼ	https://chridd.nfshost.com/diachronica/search?q=%ca%83%ca%bc						
ʃʼ	voiceless post-alveolar ejective sibilant fricative consonant		+	ʃʼʼ	◌ʃ ◌ʼ	https://chridd.nfshost.com/diachronica/search?q=%ca%83%ca%bc%ca%bc						
ʃː	long voiceless post-alveolar sibilant fricative consonant	+	+	ʃː	◌ʃ ◌ː	https://chridd.nfshost.com/diachronica/search?q=%ca%83%cb%90						
ʃʼː	long voiceless post-alveolar ejective sibilant fricative consonant	+	+	ʃːʼ	◌ʃ ◌ʼ ◌ː	https://chridd.nfshost.com/diachronica/search?q=%ca%83%cb%90%ca%bc						
ʃˤ	pharyngealized voiceless post-alveolar sibilant fricative consonant	+	+	ʃˤ	◌ʃ ◌ˤ	https://chridd.nfshost.com/diachronica/search?q=%ca%83%cb%a4						
ʃ̺	voiceless apical post-alveolar sibilant fricative consonant	+	+	ʃ̺	◌ʃ ◌̺	https://chridd.nfshost.com/diachronica/search?q=%ca%83%cc%ba						
ʄ	voiced palatal implosive consonant		+	ʄ	◌ʄ	https://chridd.nfshost.com/diachronica/search?q=%ca%84						
ʅ	unrounded close with-friction central vowel		+	ʅ	◌ʅ	https://chridd.nfshost.com/diachronica/search?q=%ca%85						
ʈ	voiceless retroflex stop consonant		+	ʈ	◌ʈ	https://chridd.nfshost.com/diachronica/search?q=%ca%88						
ʈʰ	aspirated voiceless retroflex stop consonant		+	ʈʰ	◌ʈ ◌ʰ	https://chridd.nfshost.com/diachronica/search?q=%ca%88%ca%b0						
ʈʼ	voiceless retroflex ejective stop consonant	+	+	ʈʼ	◌ʈ ◌ʼ	https://chridd.nfshost.com/diachronica/search?q=%ca%88%ca%bc						
ʈː	long voiceless retroflex stop consonant	+	+	ʈː	◌ʈ ◌ː	https://chridd.nfshost.com/diachronica/search?q=%ca%88%cb%90						
ʉ	rounded close central vowel		+	ʉ	◌ʉ	https://chridd.nfshost.com/diachronica/search?q=%ca%89						
ʉː	long rounded close central vowel		+	ʉː	◌ʉ ◌ː	https://chridd.nfshost.com/diachronica/search?q=%ca%89%cb%90						
ʊ	rounded near-close near-back vowel		+	ʊ	◌ʊ	https://chridd.nfshost.com/diachronica/search?q=%ca%8a						
ʊ́	rounded near-close near-back with-high_tone vowel	+	+	ʊ́	◌ʊ ◌́	https://chridd.nfshost.com/diachronica/search?q=%ca%8a%cc%81						
ʊ̄	rounded near-close near-back with-mid_tone vowel	+	+	ʊ̄	◌ʊ ◌̄	https://chridd.nfshost.com/diachronica/search?q=%ca%8a%cc%84						
ʊ̈	rounded near-close central vowel		+	ʊ̈	◌ʊ ◌̈	https://chridd.nfshost.com/diachronica/search?q=%ca%8a%cc%88						
ʊ̯	non-syllabic rounded near-close near-back vowel		+	ʊ̯	◌ʊ ◌̯	https://chridd.nfshost.com/diachronica/search?q=%ca%8a%cc%af						
ʋ	voiced labio-dental approximant consonant		+	ʋ	◌ʋ	https://chridd.nfshost.com/diachronica/search?q=%ca%8b						
ʋ̃	nasalized voiced labio-dental approximant consonant	+	+	ʋ̃	◌ʋ ◌̃	https://chridd.nfshost.com/diachronica/search?q=%ca%8b%cc%83						
ʌ	unrounded open-mid back vowel		+	ʌ	◌ʌ	https://chridd.nfshost.com/diachronica/search?q=%ca%8c						
ʌ̃	nasalized unrounded open-mid back vowel		+	ʌ̃	◌ʌ ◌̃	https://chridd.nfshost.com/diachronica/search?q=%ca%8c%cc%83						
ʌ̃ː	long nasalized unrounded open-mid back vowel		+	ʌ̃ː	◌ʌ ◌̃ ◌ː	https://chridd.nfshost.com/diachronica/search?q=%ca%8c%cc%83%cb%90						
ʍ	voiceless labio-velar approximant consonant		+	ʍ	◌ʍ	https://chridd.nfshost.com/diachronica/search?q=%ca%8d						
ʎ	voiced palatal lateral approximant consonant		+	ʎ	◌ʎ	https://chridd.nfshost.com/diachronica/search?q=%ca%8e						
ʏ	rounded near-close near-front vowel		+	ʏ	◌ʏ	https://chridd.nfshost.com/diachronica/search?q=%ca%8f						
ʐ	voiced retroflex sibilant fricative consonant		+	ʐ	◌ʐ	https://chridd.nfshost.com/diachronica/search?q=%ca%90						
ʐʱ	breathy voiced retroflex sibilant fricative consonant	+	+	ʐʱ	◌ʐ ◌ʱ	https://chridd.nfshost.com/diachronica/search?q=%ca%90%ca%b1						
ʑ	voiced alveolo-palatal sibilant fricative consonant		+	ʑ	◌ʑ	https://chridd.nfshost.com/diachronica/search?q=%ca%91						
ʑʱ	breathy voiced alveolo-palatal sibilant fricative consonant	+	+	ʑʱ	◌ʑ ◌ʱ	https://chridd.nfshost.com/diachronica/search?q=%ca%91%ca%b1						
ʑʷ	labialized voiced alveolo-palatal sibilant fricative consonant	+	+	ʑʷ	◌ʑ ◌ʷ	https://chridd.nfshost.com/diachronica/search?q=%ca%91%ca%b7						
ʒ	voiced post-alveolar sibilant fricative consonant		+	ʒ	◌ʒ	https://chridd.nfshost.com/diachronica/search?q=%ca%92						
ʒʱ	breathy voiced post-alveolar sibilant fricative consonant	+	+	ʒʱ	◌ʒ ◌ʱ	https://chridd.nfshost.com/diachronica/search?q=%ca%92%ca%b1						
ʒʲ	palatalized voiced post-alveolar sibilant fricative consonant	+	+	ʒʲ	◌ʒ ◌ʲ	https://chridd.nfshost.com/diachronica/search?q=%ca%92%ca%b2						
ʒʷ	labialized voiced post-alveolar sibilant fricative consonant	+	+	ʒʷ	◌ʒ ◌ʷ	https://chridd.nfshost.com/diachronica/search?q=%ca%92%ca%b7						
ʒː	long voiced post-alveolar sibilant fricative consonant	+	+	ʒː	◌ʒ ◌ː	https://chridd.nfshost.com/diachronica/search?q=%ca%92%cb%90						
ʔ	voiceless glottal stop consonant		+	ʔ	◌ʔ	https://chridd.nfshost.com/diachronica/search?q=%ca%94						
ʔʷ	labialized voiceless glottal stop consonant		+	ʔʷ	◌ʔ ◌ʷ	https://chridd.nfshost.com/diachronica/search?q=%ca%94%ca%b7						
ʔː	long voiceless glottal stop consonant	+	+	ʔː	◌ʔ ◌ː	https://chridd.nfshost.com/diachronica/search?q=%ca%94%cb%90						
ʔˤ	pharyngealized voiceless glottal stop consonant	+	+	ʔˤ	◌ʔ ◌ˤ	https://chridd.nfshost.com/diachronica/search?q=%ca%94%cb%a4						
ʔ̥	devoiced voiceless glottal stop consonant	+	+	ʔ̊	◌ʔ ◌̥	https://chridd.nfshost.com/diachronica/search?q=%ca%94%cc%8a						
ʕ	voiced pharyngeal fricative consonant		+	ʕ	◌ʕ	https://chridd.nfshost.com/diachronica/search?q=%ca%95						
ʕʷ	labialized voiced pharyngeal fricative consonant	+	+	ʕʷ	◌ʕ ◌ʷ	https://chridd.nfshost.com/diachronica/search?q=%ca%95%ca%b7						
ʕ̞	lowered voiced pharyngeal fricative consonant	+	+	ʕ̞	◌ʕ ◌̞	https://chridd.nfshost.com/diachronica/search?q=%ca%95%cc%9e						
ʘ	voiceless labial click consonant		+	ʘ	◌ʘ	https://chridd.nfshost.com/diachronica/search?q=%ca%98						
ʙ	voiced bilabial trill consonant		+	ʙ	◌ʙ	https://chridd.nfshost.com/diachronica/search?q=%ca%99						
ʝ	voiced palatal fricative consonant		+	ʝ	◌ʝ	https://chridd.nfshost.com/diachronica/search?q=%ca%9d						
ʝː	long voiced palatal fricative consonant	+	+	ʝː	◌ʝ ◌ː	https://chridd.nfshost.com/diachronica/search?q=%ca%9d%cb%90						
ʝ	voiced palatal fricative consonant		+	ʝ͡	◌ʝ	https://chridd.nfshost.com/diachronica/search?q=%ca%9d%cd%a1						
ʟ	voiced velar lateral approximant consonant		+	ʟ	◌ʟ	https://chridd.nfshost.com/diachronica/search?q=%ca%9f						
β	voiced bilabial fricative consonant		+	β	◌β	https://chridd.nfshost.com/diachronica/search?q=%ce%b2						
βʷ	labialized voiced bilabial fricative consonant		+	βʷ	◌β ◌ʷ	https://chridd.nfshost.com/diachronica/search?q=%ce%b2%ca%b7						
θ	voiceless dental fricative consonant		+	θ	◌θ	https://chridd.nfshost.com/diachronica/search?q=%ce%b8						
θʼ	voiceless dental ejective fricative consonant	+	+	θʼ	◌θ ◌ʼ	https://chridd.nfshost.com/diachronica/search?q=%ce%b8%ca%bc						
θː	long voiceless dental fricative consonant		+	θː	◌θ ◌ː	https://chridd.nfshost.com/diachronica/search?q=%ce%b8%cb%90						
θˑ	mid-long voiceless dental fricative consonant	+	+	θˑ	◌θ ◌ˑ	https://chridd.nfshost.com/diachronica/search?q=%ce%b8%cb%91						
θˤ	pharyngealized voiceless dental fricative consonant	+	+	θˤ	◌θ ◌ˤ	https://chridd.nfshost.com/diachronica/search?q=%ce%b8%cb%a4						
χ	voiceless uvular fricative consonant		+	χ	◌χ	https://chridd.nfshost.com/diachronica/search?q=%cf%87						
χʲ	palatalized voiceless uvular fricative consonant	+	+	χʲ	◌χ ◌ʲ	https://chridd.nfshost.com/diachronica/search?q=%cf%87%ca%b2						
χʲʷ	palatalized labialized voiceless uvular fricative consonant	+	+	χʲʷ	◌χ ◌ʲ ◌ʷ	https://chridd.nfshost.com/diachronica/search?q=%cf%87%ca%b2%ca%b7						
χʷ	labialized voiceless uvular fricative consonant		+	χʷ	◌χ ◌ʷ	https://chridd.nfshost.com/diachronica/search?q=%cf%87%ca%b7						
χʲʷ	palatalized labialized voiceless uvular fricative consonant	+	+	χʷʲ	◌χ ◌ʲ ◌ʷ	https://chridd.nfshost.com/diachronica/search?q=%cf%87%ca%b7%ca%b2						
χʼʷ	labialized voiceless uvular ejective fricative consonant	+	+	χʷʼ	◌χ ◌ʼ ◌ʷ	https://chridd.nfshost.com/diachronica/search?q=%cf%87%ca%b7%ca%bc						
χʼ	voiceless uvular ejective fricative consonant		+	χʼ	◌χ ◌ʼ	https://chridd.nfshost.com/diachronica/search?q=%cf%87%ca%bc						
χˤ	pharyngealized voiceless uvular fricative consonant	+	+	χˤ	◌χ ◌ˤ	https://chridd.nfshost.com/diachronica/search?q=%cf%87%cb%a4						
χʲˤ	palatalized pharyngealized voiceless uvular fricative consonant	+	+	χˤʲ	◌χ ◌ʲ ◌ˤ	https://chridd.nfshost.com/diachronica/search?q=%cf%87%cb%a4%ca%b2						
χʷˤ	labialized pharyngealized voiceless uvular fricative consonant	+	+	χˤʷ	◌χ ◌ʷ ◌ˤ	https://chridd.nfshost.com/diachronica/search?q=%cf%87%cb%a4%ca%b7						
ⁿb	pre-nasalized voiced bilabial stop consonant		+	ᵐb	◌ⁿ ◌b	https://chridd.nfshost.com/diachronica/search?q=%e1%b5%90b						
ⁿk	pre-nasalized voiceless velar stop consonant		+	ᵑk	◌ⁿ ◌k	https://chridd.nfshost.com/diachronica/search?q=%e1%b5%91k						
ⁿg	pre-nasalized voiced velar stop consonant		+	ᵑɡ	◌ⁿ ◌g	https://chridd.nfshost.com/diachronica/search?q=%e1%b5%91%c9%a1						
ⁿd	pre-nasalized voiced alveolar stop consonant		+	ⁿd	◌ⁿ ◌d	https://chridd.nfshost.com/diachronica/search?q=%e2%81%bfd						
ⁿǀʰ	pre-nasalized aspirated voiceless dental click consonant	+	+	ⁿǀʰ	◌ⁿ ◌ǀ ◌ʰ	https://chridd.nfshost.com/diachronica/search?q=%e2%81%bf%c7%80%ca%b0						
p	voiceless bilabial stop consonant		+	◌͜p	◌p	https://chridd.nfshost.com/diachronica/search?q=%cd%9cp						
s	voiceless alveolar sibilant fricative consonant		+	◌͜s	◌s	https://chridd.nfshost.com/diachronica/search?q=%cd%9cs						
z	voiced alveolar sibilant fricative consonant		+	◌͜z	◌z	https://chridd.nfshost.com/diachronica/search?q=%cd%9cz						
χ	voiceless uvular fricative consonant		+	◌͡χ	◌χ	https://chridd.nfshost.com/diachronica/search?q=%cd%a1%cf%87						
